date,symbol,ltp,cci 2,cci 4,cci 10,cci 30,cci 60,cci 90,cci 120,cci 150,st 10-2
25th Aug,RUPA,198.06,-66.67,-112.82,-20.51,-90.50,-143.89,-79.20,-26.13,-43.77,211.18
25th Aug,DELPHIFX,197,-66.67,-120.51,-73.84,-79.81,16.42,46.87,70.02,61.22,213.26
25th Aug,NATCAPSUQ,196.35,-66.67,-37.56,-82.61,-167.52,-189.85,-121.58,-74.70,NaN,218.15
25th Aug,NITIRAJ,195.77,-66.67,-73.26,-84.60,-72.02,-115.67,-75.04,-81.75,-86.26,209.64
25th Aug,SHALBY,195.14,-66.67,-102.68,-109.00,-76.69,23.11,25.45,16.18,-12.67,208.72
25th Aug,FEDERALBNK,195.01,-66.67,-94.70,-75.03,-73.53,-126.89,-82.62,-28.22,-4.68,200.92
25th Aug,SCHAND,195,-66.67,-124.37,19.34,-88.20,-140.65,-126.69,-39.77,-27.10,205.17
25th Aug,DTIL,194.77,-66.67,-93.35,-63.78,24.44,-8.85,27.79,50.91,4.62,190.29
25th Aug,ABINFRA,193.99,-66.67,-62.07,8.47,86.83,102.02,100.29,108.64,122.58,179.82
25th Aug,ENGINERSIN,193.68,66.67,-57.03,-62.76,-89.57,-142.09,-62.99,-16.49,-0.174,204.38
25th Aug,NIACL,193.55,-66.67,-48.14,37.59,66.71,96.01,104.97,92.76,99.47,201.93
25th Aug,ORBTEXP,193,-66.67,-17.44,13.39,-78.80,-24.92,11.92,38.66,36.09,209.42
25th Aug,MOQUALITY,192.99,66.67,19.84,76.41,34.12,-18.77,24.36,50.73,63.79,188.37
25th Aug,PPLPHARMA,192.82,66.67,113.29,99.82,-44.27,-74.26,-101.55,-99.66,-96.42,201.71
25th Aug,LORDSCHLO,192.75,-66.67,-125.09,-76.81,-36.81,41.89,77.84,103.90,106.18,218.55
25th Aug,JMFINANCIL,192.46,-66.67,59.48,78.76,146.43,169.09,136.47,139.19,161.03,175.82
25th Aug,NATIONALUM,190.41,66.67,0.088,72.92,32.67,53.17,64.11,66.34,51.49,184.17
25th Aug,TBZ,190.41,66.67,-64.98,-24.88,-46.58,-23.67,-47.91,-2.77,4.86,205.58
25th Aug,AYMSYNTEX,189.58,-66.67,-133.33,-149.87,-104.80,-140.30,-125.37,-102.60,-114.00,208.80
25th Aug,CGCL,189.39,66.67,33.39,68.85,118.85,110.20,132.40,151.11,146.10,179.01
25th Aug,PLASTIBLEN,189.25,-66.67,-94.30,-46.10,-51.35,-90.63,-60.12,-38.94,-54.99,201.26
25th Aug,LOTUSDEV,188.03,-66.67,-33.59,-46.99,NaN,NaN,NaN,NaN,NaN,214.23
25th Aug,KITEX,187.89,-66.67,-94.79,30.91,-60.03,-117.45,-153.22,-74.63,-65.88,184.31
25th Aug,PTC,187.68,-66.67,-78.84,30.88,13.29,66.18,82.13,86.54,83.22,180.48
25th Aug,HISARMETAL,186.52,-66.67,-40.25,-0.155,-82.31,-121.24,-127.53,-99.97,-92.50,201.98
25th Aug,CHEMBOND,185.90,-66.67,48.35,113.95,-20.90,-76.21,-91.70,-98.50,-110.00,171.08
25th Aug,GIPCL,185.35,-66.67,-110.03,-98.18,-106.95,-122.86,-93.97,-31.08,-22.60,197.53
25th Aug,KALAMANDIR,185.24,66.67,69.45,100.07,113.91,120.17,131.16,166.13,141.95,169.85
25th Aug,ELIN,185,66.67,93.37,107.28,92.20,113.48,92.39,82.67,92.29,172.18
25th Aug,CONSOFINVT,185,-66.67,10.30,-24.64,-96.59,-148.93,-81.00,-32.84,-36.32,200.06
25th Aug,CORDSCABLE,184.90,66.67,-36.93,70.43,-44.47,-97.00,-47.71,-7.24,4.61,191.81
25th Aug,BHAGERIA,184.61,66.67,133.33,279.15,-3.38,-21.44,21.94,46.18,48.01,187.16
25th Aug,AARVEEDEN,183.66,-66.67,-117.32,43.03,111.55,140.59,169.80,208.18,231.39,176.73
25th Aug,WALCHANNAG,183.55,-66.67,-51.47,39.05,-66.26,-104.45,-93.97,-36.27,-45.97,195.01
25th Aug,STARPAPER,183.52,66.67,133.33,172.45,161.01,150.43,133.13,118.70,77.43,170.30
25th Aug,SGLTL,183.19,66.67,-6.75,82.06,49.47,57.97,74.04,82.75,88.74,169.40
25th Aug,RAJESHEXPO,183.03,-66.67,-78.95,44.31,-46.54,-84.94,-92.11,-37.50,-27.58,177.47
25th Aug,ASHOKA,182.82,-66.67,-77.45,46.11,-85.32,-144.35,-116.00,-82.32,-83.50,189.72
25th Aug,BHARATWIRE,182.44,-66.67,-42.59,25.07,-46.59,-86.30,-56.05,-32.67,-17.34,170.21
25th Aug,MANCREDIT,181.80,-66.67,9.59,56.86,-51.74,-92.25,-0.185,23.86,37.68,194.32
25th Aug,BIRLAMONEY,181.34,66.67,133.33,245.45,162.30,12.58,53.64,71.78,60.81,169.03
25th Aug,BGRENERGY,181.33,66.67,96.03,129.71,248.81,409.30,446.15,399.37,315.81,160.97
25th Aug,BOMDYEING,181.26,66.67,94.34,174.50,134.80,152.01,138.11,142.66,150.38,167.88
25th Aug,NOCIL,181.04,-66.67,-85.99,53.36,-21.15,-64.69,-56.30,-35.14,-54.18,174.59
25th Aug,HEXATRADEX,180.90,66.67,-6.86,-31.87,-79.38,-114.66,-99.47,-96.96,-90.21,188.61
25th Aug,SHIVATEX,180.02,-66.67,-17.28,77.44,-59.37,-119.61,-131.55,-99.45,-106.27,191.74
25th Aug,PRECAM,179.72,66.67,-47.58,42.15,-37.23,-87.37,-33.09,-14.26,-43.35,167.91
25th Aug,AEROFLEX,179.68,-66.67,-83.56,-100.58,-74.00,-48.78,-14.02,0.344,-28.78,194.70
25th Aug,ARKADE,179.60,-66.67,-111.63,-184.92,-109.89,-148.28,-25.37,14.60,31.45,193.47
25th Aug,MARKSANS,177.84,-66.67,-112.65,-81.28,-117.24,-179.65,-195.92,-164.97,-181.43,194.61
25th Aug,SCODATUBES,177.55,66.67,133.33,13.17,-81.99,NaN,NaN,NaN,NaN,186.69
25th Aug,THOMASCOOK,176.62,66.67,110.87,107.69,72.60,100.33,104.13,104.96,113.17,162.35
25th Aug,PRECWIRE,176.51,-66.67,-59.68,49.31,-37.26,-69.31,15.98,39.76,51.81,170.31
25th Aug,BLSE,176.20,-66.67,-133.33,-185.88,-123.59,-106.80,-34.06,-0.198,-1.49,191.58
25th Aug,NATHBIOGEN,176,-66.67,-70.96,52.23,-55.52,-91.87,-51.22,-8.95,-0.913,186.13
25th Aug,GAIL,175.90,-66.67,-119.29,37.67,-33.68,-88.13,-120.32,-43.93,-23.63,171.86
25th Aug,GICHSGFIN,175.23,-66.67,-87.12,-45.96,-100.35,-149.13,-119.55,-46.94,-49.45,183.57
25th Aug,DBREALTY,174.62,-66.67,-114.23,-120.17,-72.07,-101.34,-80.22,-28.73,-8.87,190.36
25th Aug,AURUM,174.35,-66.67,-133.33,-169.22,-108.18,-162.89,-111.11,-61.61,-65.52,188.46
25th Aug,SEQUENT,174.25,-66.67,-106.40,-50.74,-54.20,-100.00,-20.15,20.80,28.30,182.29
25th Aug,IITL,173.88,66.67,51.63,74.06,88.00,44.64,-23.72,-47.39,-57.11,160.68
25th Aug,MARINE,173.40,66.67,-33.68,18.00,-69.08,-104.57,-125.19,-66.66,-68.02,182.50
25th Aug,KRONOX,172.24,66.67,133.33,159.18,-17.81,-24.91,27.76,47.79,40.63,173.82
25th Aug,KTKBANK,171.94,-66.67,-2.17,51.01,-74.98,-120.47,-163.20,-109.46,-101.38,176.51
25th Aug,CUPID,171.85,66.67,78.35,90.58,88.40,105.81,138.90,159.97,181.12,160.06
25th Aug,HDFCSML250,171.45,66.67,22.01,74.93,-29.62,-46.29,24.03,49.07,60.98,173.95
25th Aug,BANDHANBNK,171.45,-66.67,-129.13,43.92,-9.57,-44.13,-3.37,38.30,52.77,166.71
25th Aug,SUKHJITS,171.30,66.67,-42.40,33.02,-54.25,-79.70,-87.99,-111.80,-111.75,180.47
25th Aug,MOSCHIP,171.26,-66.67,50.30,50.69,48.90,-31.98,-11.14,24.90,NaN,162.34
25th Aug,KOTHARIPET,170.60,66.67,21.20,75.89,29.48,-24.46,5.64,35.67,34.16,158.06
25th Aug,UGROCAP,169.96,66.67,115.36,87.15,-35.84,-69.79,-82.80,-50.46,-52.13,177.67
25th Aug,TNPL,169.77,66.67,133.33,333.33,92.65,58.31,72.03,78.59,74.97,157.40
25th Aug,MAHEPC,169.64,-66.67,-113.01,69.38,187.90,304.20,375.29,217.80,231.83,159.03
25th Aug,DEVYANI,169.27,-66.67,-35.64,68.09,32.16,25.80,-14.38,23.95,13.30,161.53
25th Aug,IRCON,169.24,-66.67,-133.33,41.34,-63.02,-104.52,-58.27,-19.83,-25.82,177.22
25th Aug,IVP,169.05,-66.67,-98.59,-125.74,-87.80,-123.88,-83.02,-21.76,-26.81,184.14
25th Aug,RELCHEMQ,169,66.67,-9.44,-5.79,-73.23,-125.04,-79.13,-31.89,-43.05,181.42
25th Aug,FUSION,168.56,66.67,91.02,133.96,3.84,-45.27,-35.30,1.50,-2.16,153.70
25th Aug,LEMONTREE,168.23,66.67,67.06,128.14,231.27,228.29,277.80,295.30,312.13,157.76
25th Aug,GANGESSECU,167.97,-66.67,-86.11,19.48,61.81,22.99,57.05,71.18,54.28,171.77
25th Aug,MIDCAP,167.64,66.67,80.95,75.76,34.56,4.68,48.28,63.81,76.50,167.87
25th Aug,TARC,167.58,66.67,100.92,60.37,-71.45,-112.80,-34.63,14.00,30.84,175.83
25th Aug,REPL,167.24,66.67,-32.83,69.45,-23.75,-74.60,-78.83,-80.25,-65.22,171.70
25th Aug,HINDOILEXP,167,-66.67,-77.38,65.05,51.10,-2.86,-48.82,-51.89,-62.82,162.11
25th Aug,MANOMAY,167,66.67,88.92,70.44,64.14,4.78,-29.05,-36.60,-53.58,170.68
25th Aug,GULPOLY,166.79,66.67,-44.52,-7.90,-45.35,-77.32,-88.40,-77.86,-81.53,175.64
25th Aug,DCMNVL,166,-66.67,-133.33,-187.08,-144.85,-187.07,-180.90,-73.71,-75.11,184.11
25th Aug,ENIL,165.55,66.67,40.84,38.43,93.65,165.17,192.44,169.85,152.19,151.14
25th Aug,BSL,165.52,-66.67,43.40,102.78,168.92,119.04,118.53,77.55,22.06,164.74
25th Aug,MODISONLTD,164.99,66.67,64.08,64.51,-42.86,-31.46,36.53,54.31,57.52,173.64
25th Aug,ARVEE,164.39,66.67,133.33,-54.34,-92.66,-87.99,-26.89,4.36,16.67,175.03
25th Aug,CESC,164.24,-66.67,50.30,104.40,-51.76,-56.55,-32.88,19.44,40.70,171.46
25th Aug,HERCULES,163.95,-66.67,58.62,27.28,-71.46,-108.06,-59.89,-33.94,-43.98,172.98
25th Aug,JOCIL,163.95,66.67,38.40,71.87,-24.27,-26.76,15.07,44.76,2.85,168.57
25th Aug,MANINFRA,163.65,-66.67,-23.77,37.72,-70.10,-65.09,-33.74,4.46,-22.70,156.33
25th Aug,PAKKA,163.24,66.67,109.41,-11.03,-99.68,-119.07,-95.87,-100.95,-90.69,173.95
25th Aug,INDOTHAI,163,-66.67,-90.93,-112.17,-113.44,-154.04,-162.65,-168.38,-165.24,184.05
25th Aug,PRAKASH,162.64,66.67,-51.07,-29.42,-71.83,-41.15,-58.67,-25.02,-6.53,176.22
25th Aug,NELCAST,162.50,-66.67,-109.96,-57.92,22.15,72.83,91.34,94.74,113.09,156.41
25th Aug,MOLDTECH,162,66.67,133.33,73.58,90.24,63.86,84.51,86.93,56.43,146.93
25th Aug,HECPROJECT,161.80,66.67,133.33,56.08,48.77,28.35,58.51,72.33,88.72,150.57
25th Aug,PYRAMID,161.43,66.67,98.01,90.02,-42.24,-92.91,-64.00,-21.56,-34.34,170.43
25th Aug,BIRLACABLE,161.25,-66.67,-15.44,16.47,-90.14,-134.84,-67.52,-20.24,-29.84,165.47
25th Aug,DCMSRIND,160.16,-66.67,-91.29,-138.38,-161.92,-139.15,-125.55,-83.68,-75.27,172.11
25th Aug,MASKINVEST,160,-66.67,-9.59,57.72,-23.21,-19.42,-41.81,-52.76,-65.57,143.73
25th Aug,ADSL,159.69,66.67,31.66,-39.04,-70.14,-120.06,-140.80,-159.67,-124.49,168.89
25th Aug,TATASTEEL,159.63,66.67,-58.84,7.14,-14.46,18.88,41.83,54.48,64.03,155.23
25th Aug,KOPRAN,158.93,-66.67,-98.50,-34.65,-65.57,-114.44,-149.24,-141.03,-151.26,167.17
25th Aug,BLISSGVS,158.64,-66.67,-84.35,-143.43,-50.06,18.06,54.74,75.01,74.73,177.51
25th Aug,CYBERTECH,158.21,-66.67,35.58,51.59,-4.61,-27.72,7.61,25.72,-22.92,146.34
25th Aug,CROWN,158,66.67,54.00,63.28,-7.87,-69.13,-61.18,-66.07,-76.45,165.99
25th Aug,MASTERTR,157.98,66.67,-1.23,-72.79,6.59,26.27,29.91,55.00,68.85,150.64
25th Aug,THEINVEST,157.05,66.67,92.46,20.67,-35.13,25.23,53.81,71.42,39.44,169.66
25th Aug,GPPL,156.91,-66.67,32.43,47.16,-50.64,-68.42,28.82,50.35,55.11,162.50
25th Aug,RCF,156.78,-66.67,33.42,91.05,107.70,57.48,75.70,76.01,68.01,148.73
25th Aug,MUTHOOTMF,156.25,-66.67,-133.33,25.75,-46.85,37.10,53.21,73.58,59.02,161.76
25th Aug,TOLINS,156.01,66.67,133.33,129.04,46.41,25.95,60.65,77.59,61.72,144.26
25th Aug,WIPL,156,-66.67,62.40,90.26,-12.81,-12.24,8.14,-36.58,-51.02,148.45
25th Aug,AVROIND,155.85,-66.67,-10.61,-13.32,40.81,-44.25,-41.74,-27.33,-48.41,145.63
25th Aug,RKSWAMY,155.77,-66.67,-133.33,11.88,-64.11,-103.83,-121.92,-134.73,-137.38,164.72
25th Aug,AHLEAST,155.73,-66.67,-116.06,-21.10,-49.65,20.76,54.98,78.48,93.51,159.81
25th Aug,INDOAMIN,155.62,-66.67,-82.38,49.70,45.24,14.65,52.76,71.65,78.45,145.05
25th Aug,VSTL,155.30,66.67,-34.34,13.08,-62.85,-39.49,-22.29,-4.91,-28.18,165.69
25th Aug,UNIENTER,155,66.67,22.76,20.60,-41.09,-14.84,-32.16,7.71,10.34,162.73
25th Aug,OMAXAUTO,155,-66.67,-72.34,55.63,80.94,122.47,166.51,211.05,242.87,141.56
25th Aug,GPTHEALTH,154.69,-66.67,-112.59,-123.15,-103.87,-19.70,-17.83,7.51,2.23,171.01
25th Aug,PARKHOTELS,154.40,66.67,133.33,122.74,-10.10,-50.31,-25.08,7.86,-26.60,159.65
25th Aug,VRAJ,153.95,-66.67,-99.19,-36.81,-93.00,-140.29,-96.97,-87.52,-93.50,166.32
25th Aug,KAKATCEM,153.85,-66.67,-76.30,-54.31,-73.52,-88.36,-52.29,-1.83,-21.00,162.42
25th Aug,MAFANG,153.73,-66.67,-88.61,-148.02,-23.55,52.24,78.87,98.61,109.37,157.46
25th Aug,WORTH,153.55,66.67,-39.81,4.91,-0.809,33.41,42.32,39.45,0.484,165.95
25th Aug,JSWCEMENT,153.48,-66.67,-67.61,NaN,NaN,NaN,NaN,NaN,NaN,NaN
25th Aug,SUPERHOUSE,152.35,-66.67,-75.41,-107.31,-163.57,-213.50,-160.29,-77.33,-90.70,168.13
25th Aug,NAVNETEDUL,151.94,-66.67,44.37,111.04,122.89,172.73,205.95,212.15,214.58,143.42
25th Aug,PFOCUS,151.74,-66.67,-87.71,-67.32,-58.65,23.84,56.90,79.96,98.91,167.44
25th Aug,SHAREINDIA,151.69,-66.67,-79.29,-132.73,-167.39,-246.22,-135.66,-137.06,-101.20,164.48
25th Aug,RSWM,151.63,-66.67,-133.33,-35.39,-63.05,-105.64,-74.74,-20.56,-21.17,161.00
25th Aug,RUCHIRA,151.54,66.67,133.33,176.31,274.26,260.08,145.01,132.80,146.38,138.31
25th Aug,GANDHAR,151.45,66.67,41.64,125.16,-83.48,-143.36,-80.30,-30.42,-40.37,160.77
25th Aug,RATNAVEER,151.35,66.67,104.21,82.06,55.22,-10.44,12.09,32.16,12.60,138.58
25th Aug,HEALTHIETF,151.10,66.67,97.24,101.34,70.08,91.73,111.00,117.92,131.06,151.23
25th Aug,AVANTEL,150.85,66.67,102.13,157.10,87.00,5.40,40.06,63.53,77.68,138.34
25th Aug,VINCOFE,150.80,-66.67,-49.66,45.83,66.92,85.19,100.09,115.72,137.92,144.51
25th Aug,INOXGREEN,149.95,-66.67,-91.99,-186.72,-116.13,-92.56,-48.83,3.91,7.59,162.28
25th Aug,TVTODAY,149.89,66.67,126.63,120.83,-41.57,-91.43,-137.58,-125.79,-131.78,153.02
25th Aug,AXISHCETF,149.36,66.67,65.57,79.44,40.40,74.67,98.06,107.73,121.77,150.54
25th Aug,DREAMFOLKS,149,-66.67,-6.49,38.37,43.04,-55.11,-83.24,-110.92,-123.68,135.99
25th Aug,INDOUS,149,-66.67,-96.70,-85.87,-119.37,-89.86,-72.19,-78.12,-73.63,167.89
25th Aug,HEALTHADD,148.91,66.67,66.67,89.08,52.05,84.22,106.90,114.39,128.62,145.77
25th Aug,VMM,148.89,-66.67,-133.33,52.58,117.00,139.53,151.14,136.19,144.57,139.91
25th Aug,ARISINFRA,148.87,66.67,133.33,109.21,8.49,NaN,NaN,NaN,NaN,138.86
25th Aug,PRSMJOHNSN,148.55,-66.67,-42.74,68.94,-44.07,-36.44,20.58,45.17,56.54,152.94
25th Aug,NV20BEES,148.50,66.67,69.94,98.28,65.88,-3.88,6.12,39.99,23.20,144.79
25th Aug,VPRPL,148.40,-66.67,-81.04,-83.14,-99.28,-160.33,-158.43,-161.01,-108.03,160.27
25th Aug,NV20,147.89,66.67,62.05,84.49,59.64,-5.37,4.24,38.05,25.57,144.55
25th Aug,STALLION,147.77,66.67,-29.59,49.79,111.38,132.31,169.85,209.24,NaN,130.26
25th Aug,IREDA,147.70,66.67,-49.02,53.71,-33.86,-83.67,-113.61,-91.57,-102.60,150.08
25th Aug,MAKEINDIA,147.60,66.67,-20.74,75.14,110.67,111.75,106.99,88.37,100.94,151.58
25th Aug,SMARTLINK,147.11,-66.67,-102.88,-11.36,-19.19,-76.09,-80.81,-10.58,-34.81,152.72
25th Aug,MANAKCOAT,146.50,-66.67,-87.82,14.13,-16.70,52.36,75.14,89.11,108.86,160.16
25th Aug,RAIN,146.49,-66.67,-103.23,-156.10,-148.03,-51.46,-17.50,26.60,33.67,157.54
25th Aug,DIACABS,146.01,-66.67,-82.34,-93.73,-116.29,17.52,48.63,71.85,87.77,159.43
25th Aug,SOMICONVEY,145.80,-66.67,-86.39,-161.55,-139.34,-142.61,-88.68,-93.33,-91.36,155.54
25th Aug,YATRA,145.77,-66.67,-127.16,22.29,109.03,213.21,281.93,307.47,328.66,138.52
25th Aug,CPCAP,145.75,66.67,68.81,-26.42,-112.76,-173.18,-93.66,-99.16,-117.73,162.74
25th Aug,MOMGF,145.57,66.67,1.43,70.54,116.79,108.31,NaN,NaN,NaN,142.05
25th Aug,EXICOM,145.22,66.67,-45.26,67.93,-58.20,-111.22,-121.58,-91.64,-95.45,152.20
25th Aug,SPARC,144.50,-66.67,-71.58,45.71,-55.23,-100.06,-91.31,-40.25,-39.07,150.31
25th Aug,AGRITECH,144.50,66.67,-4.25,81.60,-16.39,-72.08,-92.78,-46.15,-64.57,149.33
25th Aug,ABLBL,144.13,66.67,114.75,112.20,5.21,NaN,NaN,NaN,NaN,134.15
25th Aug,IEX,143.87,66.67,80.47,110.34,-28.12,-74.94,-115.82,-114.02,-121.90,147.33
25th Aug,PDMJEPAPER,143.45,66.67,133.33,190.15,260.31,215.51,213.83,210.83,155.90,126.46
25th Aug,MUNJALSHOW,142.67,66.67,120.47,110.69,-1.72,25.83,54.77,71.69,70.23,133.13
25th Aug,INOXWIND,142.65,-66.67,-116.75,46.03,-70.31,-115.62,-150.26,-137.59,-145.84,146.30
25th Aug,NDTV,142.47,-66.67,-50.35,64.66,32.49,-36.25,-0.373,27.32,28.35,139.76
25th Aug,BELRISE,142.47,-66.67,-75.70,36.75,103.99,114.54,NaN,NaN,NaN,137.66
25th Aug,BSHSL,142.43,66.67,105.57,191.32,152.58,102.40,81.86,88.00,40.82,131.91
25th Aug,TEXRAIL,142.32,-66.67,24.80,85.28,-44.21,-96.19,-72.58,-38.55,-47.84,136.45
25th Aug,EKC,141.60,-66.67,-71.32,14.99,82.88,105.28,123.80,131.28,68.82,135.02
25th Aug,FEDFINA,140.79,66.67,80.65,127.64,182.36,170.81,139.08,148.84,175.28,130.80
25th Aug,BROOKS,140.30,-66.67,-95.43,-175.68,-211.22,-32.18,-3.60,33.65,21.23,155.41
25th Aug,APCL,140.27,-66.67,-76.16,-118.81,-189.45,-79.06,-9.86,34.41,18.45,138.03
25th Aug,SDBL,140.04,-66.67,-133.33,-90.08,-124.67,-150.31,-72.72,-18.04,13.30,149.75
25th Aug,IOC,139.96,-66.67,-88.52,-138.33,-87.58,-84.18,-73.19,1.77,25.09,144.93
25th Aug,BOROSCI,139.59,66.67,76.19,-62.29,-111.20,-84.70,-38.04,-5.16,-14.65,154.23
25th Aug,RELTD,139.50,-66.67,-133.33,-139.77,18.87,7.73,49.23,65.25,77.37,130.33
25th Aug,MEGASOFT,139.36,66.67,108.54,172.03,220.37,226.44,172.39,164.74,191.49,122.91
25th Aug,SATIN,138.80,-66.67,-133.33,-189.54,-82.35,-123.08,-163.07,-112.75,-100.25,146.43
25th Aug,ORIENTHOT,138.53,-66.67,-21.21,29.14,-64.54,-101.77,-94.15,-89.57,-80.65,146.10
25th Aug,BEDMUTHA,138.50,-66.67,-75.24,-53.90,-84.57,-116.10,-125.26,-142.27,-130.99,148.30
25th Aug,LAXMIINDIA,138.34,-66.67,-114.70,-61.14,NaN,NaN,NaN,NaN,NaN,164.53
25th Aug,COMSYN,138.10,-66.67,-68.43,-31.96,87.18,118.50,80.25,87.01,98.81,128.79
25th Aug,UNIECOM,137.77,-66.67,-124.07,45.57,125.99,118.33,105.27,119.74,76.47,133.78
25th Aug,RBZJEWEL,137.05,66.67,21.36,6.02,11.24,-45.85,-36.62,-36.05,-52.45,128.76
25th Aug,HEMIPROP,137.01,66.67,-45.68,35.53,76.81,28.88,36.00,57.29,26.47,131.45
25th Aug,MANBA,136.90,-66.67,-109.14,-69.78,-39.20,-67.33,-16.02,2.21,-22.94,133.41
25th Aug,UCAL,136.68,66.67,-57.16,-89.67,-104.44,-149.85,-135.47,-70.73,-83.04,147.06
25th Aug,KRITI,136.20,-66.67,-131.47,-171.87,-208.00,-146.93,-25.33,9.76,15.20,150.41
25th Aug,CONSUMBEES,135.96,66.67,-37.68,68.81,182.79,225.82,209.19,146.50,152.50,133.12
25th Aug,OCCLLTD,135.68,-66.67,-133.33,-63.20,-77.46,38.10,65.00,82.13,101.05,146.65
25th Aug,SOUTHWEST,134.63,66.67,133.33,-2.23,-69.50,-127.12,-32.20,14.92,20.36,144.01
25th Aug,BHARATSE,134.50,66.67,38.94,81.31,167.18,266.55,254.55,NaN,NaN,124.88
25th Aug,LINC,134.30,66.67,82.04,138.04,-13.60,-60.23,-9.54,24.11,25.16,120.24
25th Aug,SMCGLOBAL,134.26,-66.67,-111.29,-215.89,-105.42,-63.46,8.72,30.76,41.37,143.95
25th Aug,JTEKTINDIA,133.76,66.67,112.18,119.66,3.60,-41.61,-62.72,-11.67,-26.83,123.81
25th Aug,HDFCVALUE,133.50,66.67,83.30,106.70,66.51,-0.859,10.27,42.17,26.95,129.96
25th Aug,MUKANDLTD,133.37,-66.67,-111.86,-89.86,-68.00,5.06,43.81,67.26,82.75,141.47
25th Aug,WCIL,133.32,66.67,92.14,119.66,257.42,295.29,151.98,150.72,167.20,123.31
25th Aug,UNIONBANK,133.04,-66.67,-122.90,-131.44,-40.77,-89.21,-42.27,-1.69,22.14,131.38
25th Aug,SECMARK,133,66.67,92.40,25.22,-58.27,-98.51,-43.17,17.95,32.26,141.20
25th Aug,SDL26BEES,132.75,66.67,6.75,81.36,99.05,123.72,115.26,101.34,104.55,131.05
25th Aug,DBEIL,132.66,66.67,-39.25,34.53,-74.85,-113.69,-117.78,-127.01,-100.80,138.41
25th Aug,EMIL,131.45,-66.67,38.89,78.72,11.95,-29.22,-25.33,-0.826,-19.01,120.81
25th Aug,ASHOKLEY,131.01,66.67,-61.95,51.85,144.27,171.24,175.41,136.52,144.78,125.58
25th Aug,WEL,130.40,-66.67,-112.39,-226.33,-358.37,-266.19,-255.92,-268.08,-267.13,156.09
25th Aug,HPIL,129.25,-66.67,-133.33,10.27,-79.87,-66.20,-31.35,-17.97,-26.14,144.30
25th Aug,STLTECH,129.04,-66.67,-108.92,-29.07,70.76,95.93,99.37,124.83,132.83,126.35
25th Aug,APTECHT,129,66.67,-60.92,22.02,-48.66,-87.17,-104.54,-51.23,-55.10,137.56
25th Aug,TVSSCS,128.99,-66.67,-111.94,-201.76,-8.69,-49.74,12.28,10.05,-18.87,126.00
25th Aug,DHAMPURSUG,128.98,-66.67,-110.31,-115.99,-106.16,-154.03,-101.55,-48.80,-57.06,136.25
25th Aug,BANSWRAS,128.60,-66.67,-115.72,-137.67,-124.51,-169.44,-141.15,-82.34,-82.88,139.57
25th Aug,SERVOTECH,128.33,66.67,7.43,87.80,-58.68,-102.31,-50.74,-28.71,-33.48,130.54
25th Aug,TOKYOPLAST,127.46,66.67,-56.00,54.91,63.06,-24.19,-24.69,3.22,27.18,122.05
25th Aug,JAICORPLTD,127.06,-66.67,-2.22,75.12,197.37,241.74,179.18,166.06,109.43,117.46
25th Aug,MUFTI,126.50,66.67,133.33,134.02,-57.12,-118.50,-92.25,-70.74,-74.94,128.04
25th Aug,EMAMIREAL,126.42,66.67,133.33,167.35,145.58,190.02,149.99,108.38,80.94,111.90
25th Aug,AXISCETF,126.36,66.67,-8.42,70.05,183.08,229.25,212.65,146.75,151.81,122.89
25th Aug,CONSUMIETF,125.98,66.67,-4.14,73.63,189.38,241.52,214.44,150.24,157.04,124.24
25th Aug,SBIETFCON,125.94,-66.67,-87.22,63.62,172.50,221.85,208.03,143.00,149.15,122.19
25th Aug,CONS,125.50,66.67,133.33,90.52,208.54,264.68,240.73,161.04,166.49,122.49
25th Aug,SAMBHV,125.49,66.67,70.28,144.61,15.22,NaN,NaN,NaN,NaN,132.08
25th Aug,SURYODAY,125.31,-66.67,-79.98,18.48,-46.18,-94.08,-65.34,-0.196,6.37,121.77
25th Aug,REDTAPE,125.25,66.67,76.99,108.64,-43.66,-74.43,-94.86,-100.25,-89.52,130.04
25th Aug,MENONBE,125.19,-66.67,-89.94,-159.93,-88.69,-11.57,43.62,59.29,70.53,136.57
25th Aug,GILLANDERS,125.12,66.67,93.80,130.97,-60.59,-90.95,-16.36,24.26,35.76,135.17
25th Aug,LAMBODHARA,125,-66.67,-133.33,4.97,-59.17,-112.93,-138.92,-65.02,-69.77,132.17
25th Aug,HIMATSEIDE,124.98,-66.67,-95.72,-16.41,-72.88,-127.28,-162.09,-144.71,-132.88,132.75
25th Aug,IRFC,124.36,-66.67,-89.49,-122.32,-90.99,-125.60,-100.59,-61.91,-63.71,130.19
25th Aug,SPECIALITY,123.50,-66.67,-133.33,-90.87,-95.33,-110.06,-111.62,-107.45,-115.56,130.10
25th Aug,MRPL,123.49,-66.67,-109.67,-81.65,-66.26,-115.89,-132.12,-77.22,-55.41,132.29
25th Aug,NITCO,123.40,-66.67,-123.48,-135.84,-89.22,-113.59,-89.69,-23.65,-18.67,134.06
25th Aug,HDFCGROWTH,123.21,66.67,74.79,89.42,155.88,188.84,176.87,128.61,116.48,118.40
25th Aug,RPPINFRA,123.18,66.67,133.33,144.32,-27.95,-82.14,-92.40,-104.04,-104.75,108.54
25th Aug,SINTERCOM,123.10,-66.67,-55.96,-79.25,-105.08,-129.34,-109.26,-92.66,-85.76,133.51
25th Aug,STCINDIA,122.99,-66.67,-86.09,42.47,-48.82,-92.47,-77.59,-44.36,-50.65,127.64
25th Aug,SAIL,122.84,66.67,-33.09,14.86,-55.07,-94.48,-35.01,5.25,26.72,127.53
25th Aug,DCBBANK,122.23,-66.67,-86.87,-69.13,-92.54,-155.00,-165.13,-51.33,-30.72,128.57
25th Aug,REMSONSIND,121.94,-66.67,-87.34,-97.75,-85.12,-115.16,-70.68,-49.51,-40.24,116.86
25th Aug,NAVKARCORP,121.22,66.67,-56.40,9.51,-31.31,42.69,76.56,97.22,63.97,132.88
25th Aug,AARVI,121.11,-66.67,52.19,60.70,146.22,172.77,176.33,180.27,101.83,128.70
25th Aug,SAMMAANCAP,120.90,-66.67,-60.94,42.15,-59.14,-74.48,-58.46,-2.39,-26.43,127.36
25th Aug,SAURASHCEM,120.74,-66.67,54.38,91.44,59.17,104.17,149.88,185.63,187.96,109.89
25th Aug,ZEEL,120.36,-66.67,61.96,137.27,-19.36,-63.86,-36.09,3.46,18.24,114.26
25th Aug,KECL,118.60,-66.67,-133.33,-8.33,-75.03,-109.65,-121.55,-122.36,-104.78,125.57
25th Aug,KUANTUM,118.50,66.67,3.21,50.50,-80.90,-38.98,5.65,31.99,30.43,123.59
25th Aug,GPTINFRA,118.10,66.67,-52.16,-20.04,-101.48,-131.26,-122.85,-45.73,-25.33,125.78
25th Aug,GTPL,117.78,66.67,-51.39,7.23,-49.37,-19.67,35.29,53.94,51.59,113.82
25th Aug,VHLTD,117.60,-66.67,24.56,90.29,220.06,205.62,109.73,83.41,69.82,108.48
25th Aug,GMRP&UI,117.28,-66.67,-16.31,59.88,76.99,91.79,40.17,53.39,61.62,111.75
25th Aug,PALASHSECU,117.25,-66.67,-83.03,-89.15,-105.48,-141.03,-143.79,-132.26,-106.91,128.21
25th Aug,CLEDUCATE,116.96,66.67,76.25,122.24,183.46,292.80,328.32,268.45,165.67,102.73
25th Aug,SILVER,116.71,66.67,102.00,62.95,64.85,89.47,96.07,111.26,128.51,116.89
25th Aug,ESILVER,116.70,66.67,116.27,146.79,143.92,116.17,112.23,126.16,143.33,113.04
25th Aug,WELSPUNLIV,116.64,-66.67,-111.85,2.50,-69.29,-124.04,-138.73,-114.91,-108.88,123.90
25th Aug,SILVERIETF,116.59,66.67,118.47,160.81,154.36,123.31,111.16,125.22,142.20,112.93
25th Aug,EMAMIPAP,116.52,66.67,133.33,306.98,274.58,260.38,288.60,275.04,228.86,98.52
25th Aug,AXISILVER,116.30,66.67,70.95,50.96,65.89,87.75,95.11,110.33,127.57,110.84
25th Aug,RGL,116.18,-66.67,35.23,103.40,43.06,-28.40,-37.55,-46.69,-60.49,118.08
25th Aug,KOKUYOCMLN,115.87,-66.67,59.48,137.40,49.50,-30.30,3.24,31.80,31.43,117.75
25th Aug,GROWWSLVR,115.48,66.67,122.33,160.95,170.60,121.37,NaN,NaN,NaN,110.62
25th Aug,MOSILVER,115.19,66.67,130.82,NaN,NaN,NaN,NaN,NaN,NaN,NaN
25th Aug,SILVER360,115.15,66.67,113.37,154.82,149.49,116.61,117.00,NaN,NaN,110.54
25th Aug,BANKINDIA,114.97,-66.67,-110.93,31.58,60.34,-28.54,-25.23,25.58,41.75,112.20
25th Aug,PVSL,114.93,-66.67,-103.39,-113.83,-99.60,-122.20,-32.46,4.98,-20.64,125.45
25th Aug,SBISILVER,114.84,66.67,97.71,115.59,124.17,111.75,108.16,122.49,139.49,109.65
25th Aug,MODIRUBBER,114.60,-66.67,55.67,47.93,-62.74,-87.83,-83.73,-16.92,-3.04,123.99
25th Aug,SILVRETF,113.97,66.67,122.84,142.39,142.03,117.25,112.52,126.46,143.56,109.72
25th Aug,IGCL,113.64,66.67,73.75,122.62,93.72,NaN,NaN,NaN,NaN,104.49
25th Aug,GSLSU,113.61,-66.67,-86.04,-106.91,-61.99,-75.36,-64.84,-40.07,-48.72,111.87
25th Aug,SILVER1,113.58,66.67,109.63,138.51,132.89,107.64,108.19,122.50,139.77,108.45
25th Aug,BAJAJHFL,113.44,66.67,-30.66,18.06,-55.02,-102.41,-136.32,-116.07,-78.69,114.99
25th Aug,SILVERETF,113.41,66.67,109.23,122.21,124.87,110.79,108.39,122.74,140.09,107.95
25th Aug,RELIABLE,113.40,66.67,133.33,244.71,269.97,448.78,507.84,571.36,524.88,89.76
25th Aug,VETO,113.17,-66.67,-103.18,-62.45,-156.47,-227.00,-50.49,-15.12,-16.52,121.64
25th Aug,SUPREMEINF,113,-66.67,-126.98,-136.33,-114.65,4.79,35.88,50.13,48.43,123.25
25th Aug,SHEMAROO,113,-66.67,-66.87,-138.95,-72.76,-49.85,-14.81,8.09,-17.20,125.56
25th Aug,SILVERADD,112.80,66.67,113.77,173.08,147.20,112.72,108.90,123.01,140.07,108.19
25th Aug,NIITLTD,112.77,66.67,-35.26,36.71,-74.89,-111.32,-141.89,-112.71,-112.23,118.28
25th Aug,HDFCSILVER,112.50,66.67,117.02,161.27,156.03,119.62,113.08,127.07,144.05,108.68
25th Aug,SBFC,112.17,-66.67,-42.49,65.05,31.52,36.36,63.36,74.82,82.13,107.62
25th Aug,SILVERBEES,112.05,66.67,113.99,156.73,162.43,120.29,113.18,127.07,144.38,108.69
25th Aug,SPORTKING,111.60,-66.67,-74.85,-6.26,-61.67,-55.15,-22.74,26.15,39.91,119.87
25th Aug,SPIC,111.27,66.67,116.87,82.51,162.78,260.04,334.71,367.15,360.95,102.15
25th Aug,ARIHANTCAP,110.33,66.67,77.65,108.26,174.34,149.64,159.77,187.93,187.60,100.48
25th Aug,LIQUIDCASE,110.12,-66.67,-133.33,-317.09,-329.80,-265.28,-176.28,-127.58,-70.50,108.15
25th Aug,NAHARINDUS,110.05,-66.67,-102.76,-83.73,-100.68,-149.77,-77.25,-27.33,-30.45,118.51
25th Aug,AIROLAM,110,-66.67,18.27,104.59,-2.23,0.662,45.04,62.81,38.89,116.18
25th Aug,TOUCHWOOD,109.33,-66.67,59.05,139.76,214.61,56.44,85.45,103.57,65.08,99.14
25th Aug,KHAITANLTD,109,-66.67,-102.35,-123.74,-115.15,-176.22,-40.14,3.73,13.96,117.63
25th Aug,ABGSEC,108.96,-66.67,-74.83,-104.80,-171.34,-177.42,-123.31,0.889,27.18,110.69
25th Aug,CANBK,108.82,-66.67,-102.46,-49.38,-31.64,-55.51,11.40,43.10,57.00,107.90
25th Aug,AUSOMENT,108.50,66.67,-5.10,-73.78,46.88,6.67,40.39,56.53,67.23,101.83
25th Aug,ESTER,108.20,-66.67,-18.21,54.45,-53.96,-107.81,-129.15,-137.10,-129.59,112.28
25th Aug,GSEC10ABSL,108.16,-66.67,-75.78,-129.43,-240.31,-288.57,-40.77,23.45,42.67,109.29
25th Aug,WEIZMANIND,107.60,-66.67,-133.33,-120.83,-104.08,-164.10,-139.05,-86.41,-100.21,115.37
25th Aug,BEPL,107.02,-66.67,-97.59,-75.03,-111.59,-147.72,-125.68,-70.69,-70.98,113.83
25th Aug,STEELCITY,106.99,66.67,-11.20,44.37,-30.45,-23.14,29.26,51.97,64.75,112.13
25th Aug,TNPETRO,106.88,-66.67,-61.53,50.27,75.04,101.27,102.61,109.87,129.05,101.37
25th Aug,ICICIB22,106.83,-66.67,-70.40,-135.40,-100.14,-140.61,-87.56,0.479,21.92,110.86
25th Aug,SMLT,106.25,66.67,-59.81,-8.34,-87.89,-159.27,-198.13,-184.46,-121.42,114.85
25th Aug,OMINFRAL,105.98,-66.67,-124.57,-177.47,-123.99,-167.05,-173.65,-149.61,-129.79,115.67
25th Aug,BANARBEADS,105.70,66.67,-32.29,49.34,-70.86,-136.94,-174.02,-186.10,-177.86,112.96
25th Aug,KHAICHEM,105.50,-66.67,-133.33,-158.87,-40.66,53.45,78.64,91.23,110.06,102.29
25th Aug,GROWWLIQID,105.45,-66.67,46.15,108.77,105.32,125.90,130.78,123.66,121.18,104.81
25th Aug,SARLAPOLY,105.32,-66.67,-105.26,-0.276,-75.38,-120.28,-32.71,25.58,40.87,114.20
25th Aug,MAHAPEXLTD,105.25,66.67,-25.07,-11.72,-55.06,-94.95,-120.71,-120.28,-105.72,99.11
25th Aug,PNB,105.22,-66.67,-86.01,-127.59,-60.32,-69.58,1.39,35.84,49.48,108.94
25th Aug,ALEMBICLTD,105.10,-66.67,-85.30,-111.78,-103.74,-142.28,-78.42,-22.99,-26.88,111.09
25th Aug,DJML,104.99,66.67,94.56,-56.64,-113.64,-90.92,-99.81,-103.02,-93.90,113.87
25th Aug,GAEL,104.60,66.67,-38.30,37.45,-60.74,-112.41,-118.20,-92.60,-98.21,109.25
25th Aug,MAANALU,104.45,-66.67,-94.68,-108.36,-168.61,-245.07,-39.55,-4.78,-7.74,114.55
25th Aug,NBCC,104.12,-66.67,-68.44,-95.40,-119.54,-127.89,-65.47,-0.041,15.07,109.69
25th Aug,SHREDIGCEM,104.08,66.67,124.23,133.39,258.14,317.58,380.49,320.83,318.14,89.99
25th Aug,ISFT,104,66.67,130.19,79.08,5.07,-58.75,-48.05,-25.97,-52.19,92.77
25th Aug,RAJOOENG,103.95,-66.67,-109.20,36.93,-54.95,-85.37,NaN,NaN,NaN,110.32
25th Aug,PNBGILTS,103.36,-66.67,-91.08,-31.09,-14.46,43.09,75.00,80.49,81.72,111.22
25th Aug,JAMNAAUTO,102.81,66.67,-44.30,61.73,149.41,202.75,193.11,146.49,157.68,99.19
25th Aug,J&KBANK,102.66,-66.67,-83.17,-144.77,-65.88,-80.77,-29.87,7.96,20.42,107.36
25th Aug,JAIBALAJI,102.55,-66.67,-91.89,-123.84,-105.93,-83.99,-95.39,-99.12,-107.52,111.68
25th Aug,ELECTCAST,102.16,-66.67,-102.94,32.28,-71.66,-99.20,-60.18,-37.75,-44.06,107.23
25th Aug,NTPCGREEN,101.76,-66.67,-133.33,-7.57,-77.03,-125.36,-86.21,-24.02,-38.43,105.70
25th Aug,MOVALUE,101.70,-66.67,-48.61,29.10,-36.58,-56.62,-8.95,36.14,51.02,104.64
25th Aug,LOTUSEYE,101.50,66.67,97.06,155.27,324.07,539.50,584.83,426.43,402.50,91.64
25th Aug,JAYSREETEA,101.48,66.67,-15.26,-46.50,-122.16,-147.02,-56.03,-13.91,-17.07,108.04
25th Aug,EMMBI,101.20,-66.67,-98.54,-86.63,-116.81,-180.76,-158.03,-49.00,-67.78,108.17
25th Aug,THEMISMED,101.11,-66.67,-118.93,-127.13,-94.57,-128.50,-161.16,-161.66,-110.05,111.91
25th Aug,EDELWEISS,100.89,66.67,102.54,133.01,-45.41,-86.88,-13.11,7.67,-3.51,101.41
25th Aug,EGOLD,100.80,66.67,130.28,64.76,63.82,96.03,109.41,90.04,86.31,99.24
25th Aug,DCM,100.53,66.67,60.98,54.85,-60.53,-84.54,-86.44,-58.69,-56.84,106.49
25th Aug,LYKALABS,100.39,-66.67,-29.90,-57.89,-104.73,-170.37,-199.65,-139.90,-110.87,107.76
25th Aug,ZODIACLOTH,99.96,66.67,-6.51,53.54,-66.39,-124.93,-101.28,-25.59,-37.22,105.88
25th Aug,MOGOLD,99.95,66.67,133.33,109.67,NaN,NaN,NaN,NaN,NaN,100.86
25th Aug,SJVN,99.37,66.67,83.64,110.16,97.84,53.86,46.68,64.63,72.77,94.09
25th Aug,GOLD360,99.05,66.67,125.45,108.91,78.30,91.56,109.07,NaN,NaN,96.61
25th Aug,ARCHIDPLY,99.05,66.67,52.98,-45.20,-80.19,-87.96,-8.31,26.37,24.19,108.39
25th Aug,INSPIRISYS,99,-66.67,-57.73,-101.08,-174.40,-163.20,-16.84,21.22,25.98,106.76
25th Aug,EMBDL,98.93,-66.67,-68.04,59.76,-52.73,-105.65,-75.45,-89.42,-92.83,93.07
25th Aug,UNIONGOLD,98.85,66.67,133.33,180.57,150.36,167.83,166.45,112.89,NaN,97.12
25th Aug,GROWWGOLD,98.84,66.67,133.33,59.77,67.45,99.48,114.28,92.30,88.17,99.63
25th Aug,KRITINUT,98.52,-66.67,-80.92,-121.21,-111.30,-161.13,-125.96,-74.90,-78.96,106.50
25th Aug,SICALLOG,98.40,66.67,80.96,-33.53,-103.43,-64.30,-6.41,-30.45,-53.44,108.11
25th Aug,GOLDETF,98.05,66.67,129.31,85.58,78.12,101.35,115.77,93.25,88.91,98.08
25th Aug,GOLDETFADD,98.02,66.67,133.33,125.51,87.14,110.81,121.85,95.90,90.33,95.63
25th Aug,SINCLAIR,97.80,66.67,11.39,-15.43,-30.03,34.86,57.75,78.58,64.22,106.19
25th Aug,BBNPPGOLD,97.70,66.67,60.61,-46.50,-9.16,33.81,65.64,70.62,73.90,95.81
25th Aug,SUMIT,97.59,-66.67,-80.56,-10.68,68.45,54.32,8.32,21.78,-22.43,90.36
25th Aug,NFL,97.53,-66.67,61.49,102.84,38.05,-26.93,20.24,46.20,35.73,92.04
25th Aug,ALPA,97.43,-66.67,-100.19,30.74,-50.09,-72.54,-91.28,-102.48,-102.07,100.99
25th Aug,RADHIKAJWE,97.42,-66.67,13.89,76.97,16.64,69.98,90.52,111.24,56.01,102.62
25th Aug,TEXINFRA,97.35,-66.67,-81.70,5.40,-71.14,-101.74,-91.58,-91.99,-82.13,99.55
25th Aug,INDSWFTLAB,96.60,-66.67,-95.65,-130.88,-180.43,-104.86,8.65,18.49,9.93,106.75
25th Aug,DONEAR,96.43,-66.67,-71.70,-73.40,-79.91,-127.48,-163.07,-166.03,-134.68,102.15
25th Aug,TOP10ADD,95.95,66.67,22.76,86.23,-31.79,-82.93,-79.40,-2.00,15.39,97.42
25th Aug,BAFNAPH,95.64,-66.67,-102.78,-57.71,29.51,82.38,109.71,139.90,167.13,106.85
25th Aug,FOCUS,95.55,-66.67,-74.60,-108.04,-95.93,-102.54,-82.24,-15.94,-9.77,104.12
25th Aug,MOPSE,95.38,-66.67,-89.84,-149.58,-84.68,NaN,NaN,NaN,NaN,96.69
25th Aug,HILINFRA,95.16,-66.67,-119.82,NaN,NaN,NaN,NaN,NaN,NaN,NaN
25th Aug,MOTHERSON,94.97,-66.67,-89.77,14.64,-55.85,-107.13,-48.17,7.19,15.83,92.60
25th Aug,ATAM,94.95,66.67,-44.97,67.88,-40.07,-89.18,-96.32,-30.12,-49.65,99.45
25th Aug,IOLCP,94.70,-66.67,-123.91,25.50,-2.67,43.64,64.36,73.53,89.30,100.19
25th Aug,BHARATGEAR,94.64,-66.67,-71.82,49.41,52.69,96.30,92.54,91.58,92.34,88.78
25th Aug,IDBI,94.51,-66.67,40.49,108.14,35.37,-8.77,33.53,56.19,70.51,90.08
25th Aug,TNIDETF,94.40,66.67,44.44,98.81,126.22,98.04,101.06,98.72,94.60,90.45
25th Aug,GANESHBE,94.03,66.67,80.31,4.62,34.21,-43.73,-64.30,-82.14,-95.86,90.72
25th Aug,RICOAUTO,93.93,66.67,-53.30,39.56,132.15,204.08,218.50,213.19,179.31,88.04
25th Aug,MOTOUR,93.86,66.67,61.84,81.18,91.75,NaN,NaN,NaN,NaN,91.22
25th Aug,INFRAIETF,93.75,66.67,-47.53,55.15,24.23,6.00,47.19,62.33,73.08,91.79
25th Aug,SSDL,93.50,66.67,40.83,61.33,-14.18,-63.73,-21.55,-3.11,-39.16,95.59
25th Aug,ANIKINDS,93.40,66.67,70.43,93.33,-57.42,-92.23,-126.55,-100.40,-81.69,102.40
25th Aug,LOVABLE,93.39,-66.67,-105.78,15.62,-39.93,-82.16,-52.30,-1.37,-24.40,96.86
25th Aug,BALAJITELE,92,66.67,41.31,-63.58,-54.12,8.58,49.98,65.50,78.97,89.28
25th Aug,CINELINE,92,-66.67,2.86,39.04,13.88,29.07,26.41,34.70,3.36,87.67
25th Aug,MOREALTY,91.81,66.67,79.70,95.42,-24.38,-76.76,-30.95,6.92,14.24,92.68
25th Aug,HDFCSENSEX,91.65,-66.67,-55.21,41.56,10.48,-20.73,19.72,49.78,61.72,92.46
25th Aug,BANKA,91.29,66.67,-31.95,61.78,71.21,111.18,156.96,152.84,113.30,82.71
25th Aug,MADRASFERT,91.20,-66.67,-104.93,46.89,53.44,11.93,23.22,50.78,52.57,94.77
25th Aug,ORIENTLTD,90.28,66.67,133.33,87.83,149.99,29.67,64.78,85.39,51.69,91.90
25th Aug,BHAGYANGR,90.09,-66.67,-85.91,-91.66,-57.23,29.31,63.53,90.06,83.81,99.07
25th Aug,NDLVENTURE,89.89,66.67,128.65,13.88,103.77,182.60,235.21,167.93,78.43,84.64
25th Aug,AEROENTER,89.76,-66.67,-119.14,-141.24,-129.73,-90.36,-24.26,-4.63,-26.19,96.74
25th Aug,UTISXN50,89.74,66.67,-27.74,63.57,46.78,29.69,62.79,69.33,79.93,90.69
25th Aug,CPSEETF,89.64,-66.67,-84.90,-117.12,-89.90,-131.20,-80.00,-0.908,23.51,94.46
25th Aug,ANUHPHR,89.53,-66.67,-71.63,26.38,-74.58,-121.86,-69.23,-26.23,-26.70,94.02
25th Aug,JMA,89.51,-66.67,-91.27,15.95,-54.91,-100.33,-50.24,8.29,11.18,94.96
25th Aug,COMMOIETF,89.43,-66.67,-98.40,-3.03,-25.35,-4.85,31.22,56.75,67.16,90.62
25th Aug,FOODSIN,89.25,-66.67,-95.93,-92.53,-137.04,-137.88,-94.04,-57.22,-69.03,98.02
25th Aug,SHRIRAMPPS,89.02,-66.67,-85.03,-62.71,-84.50,-126.10,-17.38,20.86,23.82,95.28
25th Aug,OMAXE,89,-66.67,-74.31,-128.24,-106.54,-149.93,-14.69,10.44,11.39,97.49
25th Aug,BSLGOLDETF,88.88,66.67,83.88,56.56,72.40,104.04,114.60,92.80,88.90,85.82
25th Aug,GMRAIRPORT,88.84,-66.67,-79.57,-44.76,-87.10,20.21,34.11,57.45,66.70,92.71
25th Aug,XELPMOC,88.80,-66.67,-116.02,-100.95,-91.63,-110.49,-89.23,-72.13,-73.46,95.19
25th Aug,MAWANASUG,88.55,-66.67,-117.27,-33.86,-70.10,-119.34,-97.17,-56.22,-57.34,92.20
25th Aug,MUNJALAU,88.49,66.67,115.03,160.14,319.36,346.09,280.64,257.26,167.32,84.48
25th Aug,SATIA,88.34,66.67,112.44,171.04,64.87,40.83,74.87,90.51,80.37,80.93
25th Aug,ALKALI,88.19,66.67,-39.71,47.14,-55.85,-104.52,-54.51,-24.79,-36.50,93.75
25th Aug,ADL,88.15,-66.67,-41.65,50.30,96.21,10.86,-17.24,34.62,42.08,86.17
25th Aug,KANORICHEM,87.95,66.67,97.67,75.06,-62.23,-104.67,-97.17,-23.93,-45.69,89.87
25th Aug,XCHANGING,87.14,-66.67,-62.68,36.22,-45.56,-93.23,-84.16,-72.98,-84.78,84.42
25th Aug,HMVL,87.11,-66.67,-105.75,46.67,-33.33,-41.68,-12.02,24.57,33.78,91.10
25th Aug,BALPHARMA,87,-66.67,-119.09,-115.84,-137.28,-211.52,-235.38,-115.46,-124.36,96.12
25th Aug,VISAKAIND,86.96,66.67,93.12,99.31,55.84,20.37,48.55,61.18,58.74,89.66
25th Aug,INTLCONV,86.90,-66.67,-130.51,-20.84,-56.45,-42.99,17.65,44.63,57.95,91.11
25th Aug,HITECH,86.66,-66.67,-83.87,-135.73,-89.80,-126.65,-133.78,-135.06,-108.26,91.95
25th Aug,VALIANTLAB,86.32,-66.67,-131.69,-94.64,-74.05,-103.33,-127.39,-75.70,-87.05,96.52
25th Aug,GOLDIETF,86.27,66.67,75.49,-4.14,16.13,55.99,81.90,78.14,78.81,82.73
25th Aug,HDFCGOLD,86.17,66.67,92.05,70.63,63.53,93.26,105.21,89.77,86.62,82.84
25th Aug,SETFGOLD,86.07,66.67,133.33,105.39,99.34,117.95,115.51,93.61,89.43,82.46
25th Aug,DBOL,86,-66.67,-113.52,-19.30,-11.47,23.27,61.09,82.17,60.10,83.48
25th Aug,LAGNAM,85.96,66.67,-39.61,-103.31,-142.47,-205.45,-194.57,-196.97,-197.89,92.58
25th Aug,MOL,85.57,-66.67,-91.98,41.32,-73.31,-99.17,-12.50,22.45,33.65,90.53
25th Aug,MUFIN,85.52,-66.67,-112.46,-123.99,-104.93,28.34,54.00,73.29,50.12,92.96
25th Aug,INTENTECH,85.49,66.67,110.29,78.59,-20.61,-74.96,-97.93,-117.16,-109.61,86.84
25th Aug,DELTACORP,85.27,-66.67,-105.92,-19.44,-30.42,-78.43,-102.28,-66.40,-81.24,83.90
25th Aug,MODEFENCE,84.66,66.67,63.21,-10.13,-60.17,-96.35,-41.84,10.49,29.80,88.92
25th Aug,AXSENSEX,84.50,66.67,133.33,96.62,65.42,16.23,49.88,60.88,71.23,82.36
25th Aug,GOLDSHARE,84.50,66.67,70.27,60.15,70.67,93.25,109.30,91.49,87.66,81.50
25th Aug,AXISGOLD,84.12,66.67,123.07,78.85,73.80,102.02,119.34,96.37,90.93,82.06
25th Aug,JAYBARMARU,84.10,66.67,133.33,-17.60,48.94,98.84,100.96,103.18,107.85,81.22
25th Aug,GOLD1,84.09,66.67,99.34,76.04,53.10,86.02,104.97,89.83,87.25,82.10
25th Aug,NIVABUPA,83.85,-66.67,-80.95,24.37,-13.37,11.68,-3.96,37.27,48.55,81.28
25th Aug,MCLOUD,83.76,-66.67,-69.08,26.13,-23.67,45.31,76.17,82.83,NaN,76.82
25th Aug,BRIGHOTEL,83.72,-66.67,-128.42,-54.87,NaN,NaN,NaN,NaN,NaN,91.09
25th Aug,SENSEXETF,83.66,-66.67,-90.67,47.45,26.76,-8.88,29.07,53.42,64.73,84.01
25th Aug,GOLDBEES,83.50,66.67,117.64,106.61,86.68,100.28,112.00,91.51,87.98,80.09
25th Aug,SANSTAR,83.37,-66.67,-13.88,-42.96,-95.99,-133.69,-155.36,-161.65,-130.00,88.16
25th Aug,QGOLDHALF,83.37,66.67,106.60,62.17,56.30,87.76,103.58,88.75,85.64,81.52
25th Aug,SENSEXADD,83.25,-66.67,-77.56,44.11,8.30,-21.65,16.60,48.33,60.36,83.64
25th Aug,ROTO,83.14,-66.67,-82.99,-124.89,-114.61,-127.98,-61.88,-8,-6.74,89.71
25th Aug,DELTAMAGNT,82.13,-66.67,40.63,14.37,-84.27,-125.34,0.835,25.34,16.95,87.74
25th Aug,ABFRL,81.98,66.67,102.25,204.10,352.41,218.95,15.15,8.96,-9.22,77.30
25th Aug,OSWALAGRO,81.90,66.67,95.51,189.83,27.73,-49.20,-53.86,-9.51,14.58,73.56
25th Aug,OILCOUNTUB,81.80,-66.67,-113.32,-129.37,-129.59,-47.67,12.31,28.80,33.99,88.38
25th Aug,ANDHRAPAP,81.79,66.67,133.33,321.33,78.77,30.10,58.06,79.66,42.20,74.09
25th Aug,BSLSENETFG,81.73,-66.67,-37.93,58.08,43.47,10.35,43.01,57.79,68.98,78.46
25th Aug,AAATECH,81.73,66.67,41.30,-65.90,-92.87,-89.85,-51.87,-5.87,-31.44,89.02
25th Aug,CUBEXTUB,81.56,-66.67,3.49,-0.035,-85.95,-111.96,-73.78,-72.46,-83.36,84.15
25th Aug,BPL,81.52,-66.67,22.76,93.23,-0.034,-54.64,-16.52,8.45,-9.80,76.65
25th Aug,UMIYA-MRO,81.10,66.67,-65.35,-105.44,-18.84,47.47,71.79,92.49,75.20,77.30
25th Aug,BLUSPRING,80.99,-66.67,-86.19,-86.73,-83.28,NaN,NaN,NaN,NaN,88.88
25th Aug,DOLATALGO,80.97,-66.67,-119.14,-82.09,-126.55,-155.40,-137.27,-86.74,-87.72,87.70
25th Aug,MANGALAM,80.95,-66.67,-48.97,25.19,-74.28,-59.84,-34.81,-22.88,-46.89,85.33
25th Aug,ACL,80.68,66.67,133.33,146.50,264.46,416.79,210.26,205.29,182.50,69.48
25th Aug,MONQ50,80.54,66.67,122.14,95.89,82.26,111.17,127.88,97.50,23.10,77.77
25th Aug,VERTOZ,80.40,-66.67,-77.83,-116.66,-107.32,52.09,83.12,112.92,142.28,91.66
25th Aug,HBSL,80,66.67,6.80,52.59,-41.27,-75.80,-70.96,-50.89,-58.83,84.47
25th Aug,GHCLTEXTIL,79.89,-66.67,-87.01,0.034,-81.35,-147.09,-137.78,-60.71,-64.53,76.51
25th Aug,RBA,79.81,-66.67,-82.30,30.05,-60.20,-50.06,-41.50,32.31,41.31,83.40
25th Aug,GLOBECIVIL,79.71,-66.67,-94.23,-72.59,-62.20,NaN,NaN,NaN,NaN,85.00
25th Aug,KOTHARIPRO,79.66,-66.67,-22.28,35.83,-29.74,-79.93,-7.03,22.44,8.87,82.74
25th Aug,NHPC,79.60,-66.67,-103.34,-183.16,-157.83,-178.96,-181.11,-98.80,-47.38,83.74
25th Aug,SRD,78.56,66.67,133.33,179.26,-1.62,46.36,69.63,89.80,109.34,81.23
25th Aug,ANDHRSUGAR,78.50,-66.67,-121.96,-98.96,-42.86,-15.88,25.42,51.19,21.24,77.59
25th Aug,TPLPLASTEH,78,-66.67,-14.21,72.05,46.01,-24.63,-50.39,-18.03,-41.60,74.30
25th Aug,PSUBNKBEES,77.73,-66.67,-133.33,-84.93,-6.87,-16.34,39.96,59.85,72.38,80.59
25th Aug,DIVOPPBEES,77.58,-66.67,-96.14,10.15,-36.38,-80.15,-58.62,0.789,-2.04,79.25
25th Aug,GROWWDEFNC,77.12,66.67,119.00,0.190,-55.62,-93.79,-41.65,10.57,29.73,81.25
25th Aug,RUBFILA,76.89,66.67,133.33,49.32,-63.44,-84.56,-24.94,4.20,4.27,79.34
25th Aug,ZIMLAB,76.55,66.67,42.75,5.09,-73.94,-133.09,-116.19,-108.08,-126.13,83.19
25th Aug,DCW,76.22,-66.67,-133.33,-4.60,22.52,-29.24,-37.37,-22.30,-27.38,74.29
25th Aug,PRITI,76.20,-66.67,-133.33,-75.72,-112.54,-166.51,-208.43,-208.76,-135.46,88.50
25th Aug,TRIGYN,76.01,-66.67,-117.39,-47.85,-120.67,-175.44,-99.69,-52.90,-68.75,81.08
25th Aug,SUPREME,75.85,66.67,41.44,102.70,97.37,-47.02,-73.74,-95.72,NaN,78.52
25th Aug,UFO,75.80,-66.67,-88.46,-33.33,37.09,67.23,88.04,97.48,24.67,80.12
25th Aug,KREBSBIO,75,-66.67,44.73,-60.51,-82.05,-89.90,-64.85,-51.83,-63.11,81.94
25th Aug,JTLIND,74.99,66.67,69.08,111.36,32.48,10.64,41.12,24.21,-22.20,69.82
25th Aug,WSI,74.74,-66.67,-103.51,-89.00,-114.16,-84.86,-30.38,-20.32,-37.24,90.76
25th Aug,TOTAL,74.49,-66.67,-63.31,-5.55,-74.76,-124.53,-72.27,-40.12,-19.63,80.25
25th Aug,HOVS,74.26,66.67,101.66,134.47,268.91,251.17,238.21,209.66,186.01,68.34
25th Aug,HFCL,74.24,66.67,-1.59,67.24,-47.84,-95.46,-116.10,-125.15,-116.28,75.60
25th Aug,GEOJITFSL,74.20,-66.67,-72.59,11.35,-21.64,-71.76,-82.06,-48.04,-60.05,76.06
25th Aug,AVTNPL,74.05,66.67,120.97,62.59,41.59,88.58,123.48,129.79,98.31,76.02
25th Aug,LLOYDSENT,73.68,66.67,-51.99,-77.08,-144.20,-60.91,15.47,40.44,55.01,82.02
25th Aug,UTINEXT50,72.78,66.67,59.55,95.03,88.18,75.24,90.16,80.12,90.04,73.75
25th Aug,AUTOIND,72.71,-66.67,-98.41,26.18,-30.91,-78.21,-90.69,-60.50,-69.02,69.45
25th Aug,JAGRAN,72.61,66.67,-5.80,44.56,-4.24,30.77,-17.68,13.77,-2.33,74.95
25th Aug,SHALPAINTS,72.39,-66.67,-69.50,-41.12,-77.23,-123.80,-173.10,-210.71,-181.26,78.74
25th Aug,MUKTAARTS,72.35,-66.67,-75.70,-111.40,-131.72,-142.43,-99.74,-47.39,-59.16,81.59
25th Aug,BLKASHYAP,72.10,-66.67,12.59,87.38,36.40,88.69,87.19,77.12,80.22,74.53
25th Aug,SHIVAMILLS,72,66.67,133.33,101.51,-65.75,-122.97,-124.59,-96.12,-89.96,76.07
25th Aug,SILGO,71.82,-66.67,64.28,115.02,305.95,496.67,427.77,305.73,245.49,66.83
25th Aug,NRL,71.75,66.67,129.73,66.81,-59.09,-101.71,-26.50,2.49,-23.75,73.62
25th Aug,NEXT50IETF,71.15,-66.67,-106.55,45.10,20.20,4.31,44.93,61.14,72.92,68.44
25th Aug,TARACHAND,71.10,-66.67,-133.33,-206.47,-96.74,27.42,55.14,78.14,98.62,77.59
25th Aug,MANAKSIA,71,-66.67,-102.55,34.64,-76.73,-93.61,-34.77,15.83,-5.75,75.26
25th Aug,BYKE,70.81,66.67,-55.96,-130.08,-112.31,-132.34,-125.66,-61.87,-62.67,77.04
25th Aug,PSUBNKIETF,70.70,-66.67,-73.49,-97.36,-23.42,-31.12,32.99,56.08,69.14,71.98
25th Aug,ABSLNN50ET,70.70,66.67,-64.98,49.80,31.65,16.01,52.87,63.32,75.37,71.25
25th Aug,NMDC,70.68,66.67,-54.20,-16.78,-23.00,12.30,35.36,55.15,68.88,73.26
25th Aug,HDFCPSUBK,70.57,-66.67,-76.54,-71.86,-5.73,-16.34,40.90,60.34,72.86,69.51
25th Aug,PSUBANKADD,70.34,-66.67,-133.33,-61.94,-7.56,-16.83,40.33,59.99,72.65,69.33
25th Aug,IDFCFIRSTB,70.28,66.67,-49.70,8.95,-30.38,-45.52,-1.80,41.65,54.10,71.34
25th Aug,BANKPSU,70.11,-66.67,-75.34,-78.76,-10.53,-23.92,37.28,58.47,71.27,69.61
25th Aug,SIKKO,70,-66.67,-133.33,-119.85,-82.32,-121.16,-154.88,-160.97,-112.62,76.03
25th Aug,MITCON,70,66.67,-66.34,-94.37,-108.13,-155.66,-132.15,-113.34,-108.27,78.40
25th Aug,NKIND,69.89,66.67,-20.24,26.02,66.64,28.42,8.66,34.97,30.96,63.02
25th Aug,BLUECOAST,69.73,-66.67,-98.23,-89.26,65.43,125.66,180.55,191.39,223.96,76.70
25th Aug,GEEKAYWIRE,69.45,66.67,14.20,82.56,32.02,-17.97,-51.31,-65.27,-72.28,70.62
25th Aug,HDFCNEXT50,69.04,-66.67,-125.33,18.32,11.39,-2.10,40.81,58.42,70.81,69.66
25th Aug,GOLDTECH,68.10,-66.67,-112.75,-88.78,-86.05,-39.44,-2.09,34.21,37.96,67.36
25th Aug,LLOYDSENGG,67.95,-66.67,-133.33,-49.14,-74.63,-7.15,29.15,47.91,26.78,73.21
25th Aug,GATEWAY,67.73,-66.67,-125.42,17.05,44.31,91.78,105.14,111.67,37.68,70.67
25th Aug,KAVDEFENCE,67.61,-66.67,15.61,88.25,204.24,179.87,182.77,207.05,221.61,66.63
25th Aug,MONEXT50,67.46,66.67,-43.81,48.59,36.26,24.21,NaN,NaN,NaN,65.81
25th Aug,ROSSELLIND,67.25,66.67,93.96,126.06,-5.36,-50.99,-63.93,-10.67,-5.23,65.02
25th Aug,DHANI,66.50,66.67,99.42,213.41,110.46,21.21,53.47,75.32,11.35,59.21
25th Aug,DHRUV,66.40,66.67,128.13,110.69,-47.44,-54.94,-48.41,-70.21,-58.66,61.70
25th Aug,MANALIPETC,66.18,-66.67,-85.84,19.77,-44.56,-13.06,34.76,51.92,65.42,69.91
25th Aug,BODALCHEM,65.94,-66.67,-111.32,-92.50,-101.32,-143.49,-110.76,-41.81,-21.46,71.53
25th Aug,SURYALAXMI,65.83,-66.67,-104.23,-73.43,-108.22,-160.70,-69.45,-27.00,-43.01,71.41
25th Aug,SANGHIIND,65.45,-66.67,-128.20,-26.10,-74.78,22.38,47.46,69.60,84.33,68.29
25th Aug,GLOBAL,64.55,66.67,79.32,33.54,28.73,36.60,66.04,68.03,69.88,67.48
25th Aug,MMTC,63.83,-66.67,-69.77,36.77,-53.83,-95.91,-17.99,18.58,16.26,66.46
25th Aug,ADVANIHOTR,63.83,66.67,52.84,116.06,131.97,163.69,159.97,156.11,122.15,59.03
25th Aug,ISHANCH,63.72,-66.67,-31.27,75.84,91.63,82.01,96.19,NaN,NaN,56.16
25th Aug,ACLGATI,63.30,66.67,-17.30,52.87,-73.83,-118.86,-73.00,-19.29,-39.25,66.48
25th Aug,RKEC,63.30,66.67,20.03,-76.19,-99.21,-116.70,-129.58,-116.97,-119.39,70.24
25th Aug,MASPTOP50,63.14,66.67,-51.31,-76.50,59.27,102.70,129.88,148.72,130.91,61.62
25th Aug,NIF5GETF,62.82,66.67,66.67,26.97,-58.92,-1.76,39.99,56.24,65.51,62.40
25th Aug,SHRADHA,62.80,-66.67,-132.99,-128.61,-77.38,-98.75,-59.33,-37.82,-48.29,68.37
25th Aug,MOMIDMTM,62.70,-66.67,-75.91,62.59,29.53,NaN,NaN,NaN,NaN,64.37
25th Aug,GSEC5IETF,62.60,-66.67,9.95,-60.32,-102.89,-66.45,15.91,47.08,60.29,63.53
25th Aug,GILT5YBEES,62.41,66.67,-5.56,-55.56,-124.12,-71.27,11.62,44.17,57.02,62.92
25th Aug,MOMOMENTUM,62.24,66.67,102.70,71.41,47.76,-25.89,21.62,49.64,58.94,62.67
25th Aug,MOM100,62.13,66.67,9.76,73.14,-10.80,-43.79,21.68,48.79,62.41,63.33
25th Aug,AAREYDRUGS,62.11,-66.67,-115.02,-236.40,-199.99,-23.07,13.22,48.76,63.97,67.11
25th Aug,MOGSEC,61.52,66.67,-41.62,-60.70,-127.91,-115.83,-32.53,26.20,45.00,61.21
25th Aug,GFLLIMITED,61.50,-66.67,-87.61,-23.64,-68.22,-89.45,8.05,30.29,-2.35,65.72
25th Aug,ASIANTILES,61,-66.67,-101.30,14.14,42.05,-11.36,44.81,62.05,60.49,59.23
25th Aug,BIGBLOC,60.76,66.67,133.33,112.67,51.52,-13.01,-49.89,-63.65,-70.14,54.59
25th Aug,AARTECH,59.87,-66.67,-93.79,-116.76,-119.56,-109.05,-43.50,-17.67,-30.04,65.80
25th Aug,JAYNECOIND,59.83,-66.67,-119.31,23.77,96.81,145.12,201.21,230.44,269.18,54.81
25th Aug,RADIANTCMS,59.73,66.67,100.96,109.45,65.93,-17.15,-52.11,-32.64,-48.45,54.84
25th Aug,SPENCERS,59.69,66.67,-22.97,76.98,17.11,-45.85,-75.13,-83.63,-77.77,56.26
25th Aug,FMCGIETF,59.65,-66.67,-92.90,33.38,18.94,50.61,31.56,54.97,59.31,60.64
25th Aug,MANAKSTEEL,59.50,66.67,-61.50,-41.66,-113.71,-98.73,-78.10,8.08,17.45,63.78
25th Aug,TEXMOPIPES,59.25,66.67,78.25,111.08,-43.43,-95.94,-75.83,-4.49,-1.38,61.85
25th Aug,MAHESHWARI,59,66.67,-64.65,-84.50,-143.39,-44.14,-5.35,20.48,-5.68,58.13
25th Aug,MODTHREAD,58.90,-66.67,37.11,98.60,190.82,273.84,285.72,250.22,253.55,51.59
25th Aug,IMAGICAA,58.75,66.67,80.98,29.80,-92.37,-142.58,-149.22,-155.87,-167.10,61.30
25th Aug,LICNMID100,58.46,66.67,9.52,74.54,16.73,-14.77,36.47,56.64,49.08,56.59
25th Aug,MOINFRA,58.22,-66.67,-86.89,-87.58,-80.41,-117.36,NaN,NaN,NaN,59.74
25th Aug,HDFCQUAL,58.18,66.67,86.73,96.72,100.01,74.26,84.70,77.13,88.41,58.55
25th Aug,TTML,58.14,-66.67,-120.38,-55.88,-61.13,-97.93,-71.88,-60.56,-72.19,60.74
25th Aug,MARALOVER,57.89,66.67,-62.69,-130.39,-104.63,-185.93,-220.10,-172.97,-181.36,63.79
25th Aug,AMJLAND,57.77,66.67,133.33,117.63,-37.23,-91.65,-15.00,15.52,20.04,60.16
25th Aug,AHLADA,57.48,-66.67,-133.33,-162.62,-149.66,-200.89,-222.44,-164.16,-116.42,63.48
25th Aug,OBCL,57.47,66.67,77.42,183.79,242.15,390.95,423.58,282.83,286.35,55.71
25th Aug,SUZLON,57.43,-66.67,-110.89,-91.45,-138.56,-204.00,-97.57,-43.03,-22.23,62.36
25th Aug,SHAHALLOYS,57.11,66.67,133.33,59.41,-46.46,-38.91,-39.95,11.31,-0.294,62.09
25th Aug,UTIBANKETF,56.95,-66.67,-133.33,-98.47,-102.24,-107.23,-43.97,28.58,44.17,58.96
25th Aug,PLAZACABLE,56.87,66.67,-5.20,65.51,-63.62,-115.14,-88.87,-38.06,-59.72,59.80
25th Aug,HMT,56.84,-66.67,-105.49,7.49,-60.45,-103.05,-28.14,-1.77,-10.96,59.69
25th Aug,HDFCNIFBAN,56.67,-66.67,-94.60,-79.65,-101.65,-105.26,-36.28,31.76,46.51,58.39
25th Aug,BANKIETF,56.55,-66.67,-89.56,-52.47,-81.62,-85.72,-26.32,34.77,48.82,58.32
25th Aug,BANKETFADD,56.36,66.67,-60.94,-51.48,-84.47,-90.80,-33.33,32.70,47.13,57.30
25th Aug,ABSLBANETF,56.36,66.67,-32.80,29.39,-43.62,-56.20,-5.16,41.96,54.24,58.02
25th Aug,DIGJAMLMTD,56.24,66.67,92.46,75.96,-0.373,65.52,95.83,125.96,109.01,50.25
25th Aug,BANKBETF,56.08,66.67,-48.13,-4.42,-66.22,-74.25,-20.30,36.99,50.51,58.11
25th Aug,BBNPNBETF,55.67,-66.67,-72.06,-33.25,-73.55,-86.73,-28.16,34.08,48.38,55.00
25th Aug,EBANKNIFTY,55.66,-66.67,-72.62,-51.26,-79.72,-89.55,-28.28,34.20,48.46,56.33
25th Aug,NETWORK18,55.23,-66.67,-100.09,-136.18,-96.92,-46.02,32.68,52.42,59.70,59.74
25th Aug,SIGIND,55.20,-66.67,2.41,25.54,-71.31,-113.32,-49.90,-10.14,-14.71,57.76
25th Aug,21STCENMGM,54.88,-66.67,-128.84,-182.63,-130.63,-112.10,-108.73,-132.19,-133.91,59.41
25th Aug,MAHABANK,54.33,-66.67,-118.06,-139.89,-95.88,-80.64,11.10,42.55,56.37,53.20
25th Aug,HILTON,54.01,-66.67,-109.91,-102.28,-115.91,-132.22,-133.26,-146.66,-132.09,58.78
25th Aug,TARMAT,53.52,-66.67,-106.66,-78.45,-78.69,-70.32,-23.04,-8.30,-39.83,52.07
25th Aug,IFCI,53.49,-66.67,-102.82,-10.88,-82.61,-127.73,-26.19,5.39,9.67,56.84
25th Aug,SNOWMAN,53.41,66.67,-62.84,-8.64,-57.10,-106.61,-56.40,-6.53,-14.38,56.51
25th Aug,EQUITASBNK,53.31,-66.67,-133.33,-101.40,-97.45,-140.03,-188.07,-126.47,-138.08,57.20
25th Aug,ELGIRUBCO,53.09,-66.67,-133.33,-3.89,-3.21,-30.16,-58.48,-74.16,-63.92,59.85
25th Aug,RTNINDIA,52.82,66.67,-52.45,42.31,-55.45,-61.91,-1.29,25.68,24.71,55.34
25th Aug,NOVAAGRI,52.77,66.67,133.33,134.67,-42.72,0.181,36.39,61.23,15.97,54.19
25th Aug,INDORAMA,52.75,-66.67,-63.02,11.36,88.23,110.21,91.51,95.62,113.84,50.92
25th Aug,FILATEX,52.67,-66.67,-98.08,-58.60,-85.48,-94.83,-4.16,31.68,40.02,56.64
25th Aug,VASWANI,52.50,66.67,-40.43,18.74,-39.12,42.31,72.06,94.72,90.33,56.90
25th Aug,ORICONENT,52.05,-66.67,-120.50,-64.02,59.58,113.53,148.46,157.02,177.18,50.37
25th Aug,ONMOBILE,52.04,-66.67,-86.26,-131.26,-98.48,-114.17,-20.09,14.43,-21.05,57.24
25th Aug,MOMENTUM50,51.76,-66.67,65.25,67.32,9.94,-53.18,-3.08,37.47,46.56,52.51
25th Aug,VASCONEQ,51.61,-66.67,-114.56,55.76,-34.95,-35.11,27.08,49.43,55.00,53.12
25th Aug,MOALPHA50,51.38,-66.67,-112.50,52.67,-36.58,NaN,NaN,NaN,NaN,52.07
25th Aug,WEWIN,51,66.67,76.98,3.25,77.77,61.53,83.35,98.79,9.08,45.79
25th Aug,KARMAENG,51,-66.67,-133.33,-188.03,-108.45,-121.54,-102.13,-85.28,-90.73,58.46
25th Aug,TRACXN,50.99,-66.67,-74.81,-102.56,-116.76,-187.30,-158.51,-116.91,-107.87,54.92
25th Aug,GINNIFILA,50.99,-66.67,57.82,-61.57,43.94,92.34,88.77,91.37,106.15,55.07
25th Aug,BALAJEE,50.78,-66.67,-23.80,43.24,80.85,108.58,132.24,85.77,0.402,47.49
25th Aug,AMDIND,50.60,-66.67,38.63,122.16,28.95,48.14,60.36,65.57,35.15,53.95
25th Aug,SHREERAMA,50.51,66.67,133.33,262.36,279.35,212.79,164.18,147.64,156.96,42.05
25th Aug,BANG,50.37,66.67,-2.09,-24.03,-75.65,-119.19,-65.79,-41.79,-54.74,54.22
25th Aug,PREMIERPOL,50.25,66.67,133.33,185.32,15.46,-18.61,-57.77,-67.70,-78.93,46.25
25th Aug,ARTNIRMAN,50,66.67,-6.30,-66.17,-116.84,-147.00,-39.14,-16.36,-16.33,53.86
25th Aug,SELECTIPO,49.77,-66.67,-83.49,22.49,55.07,90.97,87.81,NaN,NaN,47.78
25th Aug,ABAN,49.57,66.67,104.26,153.58,72.55,-1.98,37.23,59.32,61.70,45.71
25th Aug,SCILAL,49.57,66.67,20.41,67.47,-35.10,-86.14,-45.80,-7.94,-26.60,51.60
25th Aug,SONAMLTD,49.45,-66.67,-90.44,33.05,17.73,42.47,68.93,87.72,51.52,47.20
25th Aug,ICDSLTD,49.30,-66.67,48.14,115.53,84.99,-20.38,-0.360,18.86,19.12,45.69
25th Aug,ALPHA,49.27,66.67,-39.29,66.15,-27.03,-68.97,10.79,42.69,51.72,50.09
25th Aug,CONFIPET,49.09,-66.67,-102.30,-25.75,-78.06,-104.32,-117.42,-91.44,-93.11,52.04
25th Aug,MICEL,49.01,-66.67,62.61,94.74,-37.79,-80.47,-99.17,-113.26,-105.79,45.08
25th Aug,MCL,49,66.67,-56.02,-129.47,-100.96,-109.34,-121.10,-49.19,-28.64,47.96
25th Aug,REGENCERAM,48.99,66.67,97.17,9.54,-4.76,42.19,66.28,73.98,24.54,45.63
25th Aug,MIDSMALL,48.58,66.67,75.56,82.60,-28.83,-77.70,-17.45,29.14,39.83,49.49
25th Aug,OLAELEC,48.57,66.67,-59.79,62.75,164.65,95.52,32.23,3.28,-34.95,45.58
25th Aug,JISLJALEQS,48.35,-66.67,-102.29,-32.86,-73.51,-101.29,-117.76,-138.13,-125.86,47.12
25th Aug,FIBERWEB,48.34,-66.67,-97.70,-50.73,-45.45,-79.63,20.92,41.20,43.15,46.88
25th Aug,MOREPENLAB,48.22,-66.67,-110.30,33.94,-78.13,-146.11,-175.81,-88.58,-95.40,52.04
25th Aug,3PLAND,48,66.67,25.02,-43.91,24.21,-53.29,4.82,34.45,26.55,43.13
25th Aug,PARACABLES,47.25,-66.67,-98.55,-71.69,-118.93,-183.03,-153.50,-139.55,-120.19,51.53
25th Aug,ROML,47.24,-66.67,-24.54,62.94,-63.57,-85.48,-50.71,-29.60,-39.34,50.04
25th Aug,CAPTRUST,47.20,-66.67,-56.86,-71.98,-129.80,-139.62,-149.21,-172.17,-193.58,52.92
25th Aug,MADHAV,47.19,66.67,72.40,109.64,142.68,21.53,42.61,63.92,45.09,42.44
25th Aug,BALAXI,46.87,-66.67,-105.25,-136.68,-79.35,-109.23,-97.37,-86.33,-90.85,44.34
25th Aug,HPAL,46.75,66.67,-51.64,65.73,-76.12,-127.26,-160.62,-137.85,-97.16,48.58
25th Aug,RPOWER,46.46,-66.67,-79.49,39.43,-54.03,-105.58,-51.66,-21.19,-7.23,44.52
25th Aug,NIRAJ,46.46,-66.67,-73.47,-49.08,-124.06,-136.43,-139.65,-136.00,-129.08,52.53
25th Aug,ARSSINFRA,46.13,-66.67,-83.56,-78.84,-64.94,-17.43,38.30,58.78,73.86,53.01
25th Aug,ARENTERP,46.01,-66.67,-104.91,-54.09,-113.68,-83.52,-29.78,-6.81,-7.48,49.93
25th Aug,SAGILITY,45.69,-66.67,7.74,58.89,87.77,96.14,104.32,121.54,60.46,42.71
25th Aug,MTNL,45.55,-66.67,39.69,107.77,-23.03,-73.67,-21.62,-4.86,-12.29,43.20
25th Aug,SMALLCAP,45.54,66.67,31.32,86.83,-33.26,-74.35,-8.06,28.52,37.30,46.09
25th Aug,VARDHACRLC,45.50,66.67,84.30,114.96,-55.66,-38.58,0.566,29.38,7.11,48.18
25th Aug,ONEPOINT,45.47,-66.67,-74.94,-131.78,-117.29,-102.37,-99.73,-92.02,-100.81,48.73
25th Aug,MOHEALTH,45.41,-66.67,34.30,50.85,-8.62,44.87,74.92,88.11,101.70,46.69
25th Aug,IRB,45.05,66.67,40.33,-1.50,-58.73,-104.18,-110.55,-77.20,-86.66,46.16
25th Aug,AGROPHOS,45,66.67,105.01,123.49,114.74,188.79,209.83,201.13,209.71,39.67
25th Aug,ABMINTLLTD,44.90,-66.67,-133.33,-128.58,-146.97,-108.58,-107.61,-100.54,-98.70,47.16
25th Aug,RVHL,44.51,66.67,-55.43,52.90,35.67,-47.29,-48.08,-64.04,-78.13,40.31
25th Aug,BIOFILCHEM,44.45,66.67,62.18,128.21,-30.16,-80.70,-79.05,-60.88,-69.01,46.71
25th Aug,MOCAPITAL,44.08,-66.67,-86.25,-25.94,-48.07,-75.67,20.56,NaN,NaN,46.74
25th Aug,MURUDCERA,43.96,-66.67,-75.69,33.95,0.954,16.20,56.15,69.70,69.63,45.86
25th Aug,UJJIVANSFB,43.75,-66.67,-18.25,74.27,-41.57,-76.50,-50.91,12.09,31.75,44.86
25th Aug,RAJTV,43.56,-66.67,31.02,95.62,49.64,-2.84,-46.99,-51.33,-60.52,41.67
25th Aug,PASUPTAC,43.32,-66.67,34.25,-16.40,-101.70,-131.17,-116.52,-106.54,-77.56,45.56
25th Aug,DEVIT,43.17,-66.67,-49.86,-116.28,-345.27,-573.18,-663.07,-733.47,-416.28,63.07
25th Aug,COFFEEDAY,43.15,-66.67,6.75,87.44,174.28,221.79,204.80,193.01,201.11,39.86
25th Aug,CORALFINAC,43.02,-66.67,-116.81,-183.43,-121.15,-142.34,-38.42,6.87,1.31,47.38
25th Aug,ESG,43,66.67,7.91,66.58,91.57,59.01,83.01,76.03,84.35,41.89
25th Aug,BVCL,42.95,-66.67,-133.33,-25.83,-15.60,54.67,77.66,96.19,59.20,47.97
25th Aug,MALUPAPER,42.70,66.67,133.33,333.33,122.58,74.77,89.07,96.24,85.90,37.52
25th Aug,MBLINFRA,42.62,66.67,73.28,139.08,54.89,-15.45,-24.68,-1.97,-31.24,43.39
25th Aug,GULFPETRO,42.32,-66.67,38.60,108.57,-11.27,-71.26,-33.80,-1.55,-26.70,40.39
25th Aug,MSUMI,42.03,-66.67,-66.67,61.34,49.15,65.90,96.05,104.56,118.83,39.68
25th Aug,OSWALGREEN,41.88,-66.67,-13.95,9.23,-73.97,-112.92,-45.82,8.93,-0.742,40.61
25th Aug,CTE,41.66,-66.67,36.39,94.35,-33.66,-88.76,-64.05,-46.14,-54.35,45.69
25th Aug,UGARSUGAR,41.59,-66.67,-133.33,32.17,-67.10,-112.95,-116.02,-122.86,-133.67,42.81
25th Aug,BCLIND,41.50,-66.67,-12.54,-25.48,-87.44,-69.94,-2.31,28.15,6.32,44.64
25th Aug,EMULTIMQ,41.27,66.67,129.41,107.30,-18.28,-70.03,-17.84,26.14,33.89,42.07
25th Aug,RETAIL,41,66.67,-16.85,71.80,118.27,155.61,124.54,145.44,163.30,36.99
25th Aug,PROZONER,40.80,-66.67,-99.51,-163.05,-48.10,42.36,73.86,98.50,113.33,40.66
25th Aug,SBIBPB,40.77,-66.67,-115.90,-108.58,-36.34,-52.63,21.00,NaN,NaN,41.51
25th Aug,DWARKESH,40.18,-66.67,-133.33,24.54,-69.73,-117.34,-92.33,-53.57,-62.64,41.94
25th Aug,GUJRAFFIA,40.04,66.67,73.91,107.26,78.61,1.68,28.74,43.72,-32.24,41.99
25th Aug,SPLIL,40,66.67,133.33,183.46,38.42,20.19,50.46,65.56,-4.49,37.03
25th Aug,GOKUL,40,-66.67,-110.15,-118.84,-121.95,-120.72,-146.07,-148.35,-126.54,44.37
25th Aug,GENCON,39.98,-66.67,-83.40,-138.89,-86.90,-77.49,8.48,39.68,45.79,44.02
25th Aug,PTL,39.88,66.67,-12.42,61.09,-2.03,-60.35,-56.87,-22.64,-13.98,40.52
25th Aug,INCREDIBLE,39.85,66.67,-2.47,29.03,-44.70,-79.96,-32.93,16.91,8.81,42.68
25th Aug,TIRUPATIFL,39.83,-66.67,-26.59,54.70,18.40,-14.19,28.89,51.11,22.14,38.15
25th Aug,IT,39.60,66.67,85.61,138.87,28.81,-46.63,-32.32,-19.59,-46.89,36.98
25th Aug,ITBEES,39.54,66.67,99.75,127.53,15.02,-53.24,-37.66,-24.52,-50.49,40.33
25th Aug,ITIETF,39.45,66.67,119.16,145.27,28.04,-46.45,-33.24,-20.06,-47.55,37.84
25th Aug,NEXT30ADD,39.20,66.67,25.17,83.78,111.71,78.79,91.18,84.76,NaN,39.28
25th Aug,PFS,39.17,-66.67,-133.33,14.31,-53.23,-57.42,20.60,46.27,54.69,40.71
25th Aug,NSLNISP,39.09,66.67,-51.29,-12.14,25.88,3.53,28.99,51.47,39.87,38.45
25th Aug,SNXT30BEES,39,-66.67,-60.76,46.60,69.66,NaN,NaN,NaN,NaN,39.19
25th Aug,MEDICO,39,-66.67,-112.36,-98.11,-80.09,-73.57,-89.17,-109.27,-112.90,38.15
25th Aug,BSE500IETF,39,-66.67,-133.33,24.29,-25.95,-44.37,15.77,46.94,60.54,39.70
25th Aug,JAIPURKURT,38.94,-66.67,-99.71,-161.50,-209.27,-234.02,-216.36,-165.86,-150.49,42.23
25th Aug,TECH,38.73,66.67,122.54,150.05,22.32,-48.55,-35.01,-22.52,-49.17,38.86
25th Aug,CENTRUM,38.70,-66.67,38.02,86.46,0.603,65.06,86.50,98.42,116.69,37.08
25th Aug,SBGLP,38.62,-66.67,-75.58,-107.24,-166.28,-143.86,-120.81,-27.90,-45.76,44.90
25th Aug,DGCONTENT,38.45,66.67,80.00,22.90,-36.18,-87.12,-63.14,-66.66,-81.10,41.26
25th Aug,RAJSREESUG,38.44,66.67,-58.57,-82.79,-115.42,-171.39,-195.35,-129.58,-136.85,42.13
25th Aug,PATELENG,38.44,-66.67,-108.51,-26.99,6.86,-61.57,-87.73,-97.49,-95.01,37.25
25th Aug,IOB,38.21,66.67,69.25,89.45,32.26,-4.55,11.05,-15.82,-42.92,36.79
25th Aug,ORIENTCER,38.20,66.67,-50.00,-82.51,-88.00,-9.69,22.22,50.38,16.01,42.57
25th Aug,HDFCNIFIT,38.08,66.67,103.73,143.17,22.52,-48.70,-35.58,-22.43,-49.14,35.66
25th Aug,MOLOWVOL,38.02,-66.67,-118.18,66.47,55.98,43.31,73.67,75.34,87.49,36.76
25th Aug,PIONEEREMB,37.93,66.67,81.61,29.21,-63.01,-109.49,-137.37,-102.59,-104.55,42.28
25th Aug,ITETF,37.72,66.67,113.55,149.24,30.36,-43.08,-30.31,-16.96,-45.22,35.86
25th Aug,VLEGOV,37.69,66.67,17.05,-63.10,-141.70,-154.37,-153.78,-101.17,-73.26,41.16
25th Aug,GENSOL,37.68,-66.67,-98.37,-130.67,-151.08,-120.77,-69.73,-64.98,-71.84,41.93
25th Aug,SUTLEJTEX,37.65,-66.67,-100.41,-6.55,-82.59,-110.20,-94.36,-66.36,-72.57,40.07
25th Aug,MCLEODRUSS,37.61,-66.67,-41.60,-5.50,-33.61,33.78,55.85,63.99,46.53,40.60
25th Aug,ITETFADD,37.60,66.67,133.33,152.52,22.60,-48.70,-35.46,-23.11,-49.73,35.80
25th Aug,HDFCBSE500,37.09,66.67,84.85,66.67,-16.77,-17.13,28.38,54.45,67.78,37.71
25th Aug,INDTERRAIN,36.50,-66.67,-84.30,21.67,-52.59,-72.39,-36.66,1.05,-20.36,39.29
25th Aug,PENINLAND,36.46,-66.67,-91.98,-119.25,-70.36,30.23,58.87,85.27,71.38,40.45
25th Aug,PRUDMOULI,36.40,-66.67,-133.33,-145.52,-114.68,-64.64,-76.35,-89.40,-94.75,44.31
25th Aug,DEN,36.39,-66.67,-80.72,33.88,-55.97,-51.56,8.92,38.58,26.21,37.68
25th Aug,GOLDENTOBC,36.25,-66.67,-110.77,10.75,92.22,43.43,54.76,25.90,-21.61,37.86
25th Aug,VIPCLOTHNG,36.21,-66.67,-126.79,-96.94,-129.90,-193.49,-130.18,-26.50,-33.43,39.48
25th Aug,DAMODARIND,36.15,66.67,133.33,101.23,-16.60,-22.80,28.72,51.76,40.38,39.04
25th Aug,AROGRANITE,36.11,66.67,66.32,-27.85,-81.42,-132.24,-64.30,-42.57,-59.19,34.85
25th Aug,JINDWORLD,35.93,-66.67,-75.58,-59.46,-88.00,-89.71,-112.43,-139.71,-151.50,38.73
25th Aug,CENTRALBK,35.62,-66.67,-89.24,-103.35,-82.87,-113.41,-101.64,-85.35,-76.77,36.66
25th Aug,MOHITIND,34.89,66.67,-38.71,-22.74,77.16,143.40,137.95,145.02,127.71,32.86
25th Aug,CIFL,34.75,-66.67,-113.41,39.84,-27.31,-76.69,-85.49,NaN,NaN,36.34
25th Aug,KOHINOOR,34.63,-66.67,-133.33,-165.01,-40.94,-76.03,-84.29,-25.40,-34.73,35.50
25th Aug,GROWWRAIL,34.57,-66.67,-132.46,-47.29,-80.72,-125.15,-94.61,-48.84,NaN,36.41
25th Aug,USK,33.64,-66.67,-96.39,-70.75,-160.58,-158.54,-182.26,-185.68,-120.78,36.84
25th Aug,NIFTY100EW,33.58,66.67,-17.75,63.62,106.01,86.90,102.12,NaN,NaN,32.00
25th Aug,WILLAMAGOR,33.50,66.67,-44.44,-48.85,-89.41,-27.68,31.87,54.62,47.03,32.94
25th Aug,ARFIN,33.50,66.67,-62.55,-88.32,NaN,NaN,NaN,NaN,NaN,37.70
25th Aug,ATLANTAA,33.44,66.67,38.95,-30.59,-71.06,-104.98,-105.35,-31.10,-47.51,37.19
25th Aug,COASTCORP,33.25,-66.67,-120.40,-32.07,-96.87,-135.32,-158.73,-153.48,-127.92,35.64
25th Aug,ALLCARGO,33.19,-66.67,-113.45,-95.16,-122.77,-102.20,5.81,27.89,-5.39,35.74
25th Aug,TREL,33,-66.67,-117.14,-163.55,-93.05,-83.46,-82.65,-40.70,-30.59,35.25
25th Aug,DIGIDRIVE,32.99,66.67,129.41,113.71,101.43,142.92,63.72,82.90,17.98,34.71
25th Aug,MIRZAINT,32.90,-66.67,-82.13,-83.33,-48.58,24.92,53.81,75.27,41.88,35.75
25th Aug,KCPSUGIND,32.72,66.67,82.92,93.12,-21.49,-79.03,-101.52,-114.35,-110.76,33.04
25th Aug,PEARLPOLY,32.65,-66.67,-107.09,-39.25,-0.581,46.57,70.36,85.69,67.77,36.63
25th Aug,HINDCON,32.64,66.67,-34.30,-30.44,-89.98,-139.47,-155.68,-94.59,-99.07,34.93
25th Aug,IL&FSENGG,32.40,-66.67,-133.33,-156.82,-133.66,-131.75,-106.93,-98.84,-114.18,36.77
25th Aug,SAMPANN,32.19,66.67,58.63,16.40,44.51,91.14,88.86,105.71,55.92,33.77
25th Aug,MSPL,32.06,66.67,-44.12,-12.00,-47.00,48.05,77.90,104.25,61.56,34.41
25th Aug,INDBANK,32.05,-66.67,-132.55,-103.91,-108.56,-134.97,-106.37,-35.53,-52.31,34.32
25th Aug,SBINEQWETF,32,-66.67,-84.31,50.70,80.97,60.04,86.69,79.30,90.62,32.09
25th Aug,VISASTEEL,32,66.67,-62.13,-113.70,-138.81,-58.77,-67.25,-55.56,-51.04,35.60
25th Aug,MON50EQUAL,31.95,66.67,-61.26,44.61,88.96,73.80,NaN,NaN,NaN,31.48
25th Aug,XTGLOBAL,31.92,-66.67,-68.78,-64.24,-107.02,-172.47,-177.37,-180.10,-117.67,36.18
25th Aug,SIGACHI,31.80,66.67,133.33,103.19,-79.73,-100.15,-134.89,-127.39,-133.90,33.87
25th Aug,IRISDOREME,31.56,-66.67,-104.23,-163.09,-25.63,8.70,51.67,64.27,71.31,34.01
25th Aug,HMAAGRO,31.37,-66.67,-55.14,50,135.49,-21.75,-38.06,-30.07,-48.67,32.00
25th Aug,MOM30IETF,31.30,0,-35.09,58.41,33.78,-27.25,22.25,49.85,59.19,31.57
25th Aug,MFML,31.30,66.67,122.81,230.03,47.41,56.95,38.23,54.64,-8.87,29.38
25th Aug,MOMENTUM,31.07,-66.67,-133.33,50.69,15.46,-43.24,9.44,43.28,51.83,31.63
25th Aug,MANAKALUCO,31,66.67,41.74,-14.91,10.98,66.49,98.80,108.64,107.04,28.47
25th Aug,SURANASOL,30.99,-66.67,-92.94,-90.06,-83.26,-111.20,-124.61,-121.96,-120.89,33.48
25th Aug,SELMC,30.96,-66.67,48.79,99.38,-34.84,-86.77,-107.23,-54.60,-61.76,32.88
25th Aug,HDFCMOMENT,30.93,66.67,96.60,61.47,49.25,-21.58,25.80,51.54,61.17,31.41
25th Aug,EVIETF,30.60,66.67,88.00,80.14,175.60,222.01,161.94,NaN,NaN,28.96
25th Aug,EVINDIA,30.39,66.67,-31.45,70.20,139.15,201.02,139.84,104.41,115.78,29.14
25th Aug,PAISALO,30.31,66.67,-61.95,-39.10,-78.20,-81.92,-87.85,-86.06,-76.94,32.22
25th Aug,GROWWEV,30.30,66.67,11.52,69.80,147.57,191.16,136.08,104.84,115.47,28.92
25th Aug,FINIETF,30.09,66.67,-50,26.58,10.28,-27.34,32.71,55.20,68.20,30.65
25th Aug,ODIGMA,30.07,-66.67,4.78,-32.83,-110.54,-165.07,-165.87,-186.05,-135.36,33.22
25th Aug,JISLDVREQS,30,-66.67,-96.55,34.36,18.52,-40.16,-18.61,4.48,-23.28,27.91
25th Aug,MNC,29.99,-66.67,-108.24,41.72,75.70,106.98,110.56,98.99,113.97,28.91
25th Aug,KOTARISUG,29.96,66.67,37.61,96.05,-64.39,-121.69,-166.87,-163.48,-168.98,31.15
25th Aug,MSCIINDIA,29.77,66.67,55.56,71.84,56.52,22.59,55.51,65.94,NaN,29.93
25th Aug,SOUTHBANK,29.74,-66.67,-117.33,41.33,23.14,-9.45,46.34,59.51,73.62,28.70
25th Aug,LEXUS,29.64,66.67,-54.22,-125.74,-99.92,-131.76,-147.13,-139.30,-114.97,32.76
25th Aug,VIRINCHI,29.50,-66.67,-120.69,54.06,73.27,91.85,124.94,157.37,106.80,27.24
25th Aug,RENUKA,29.40,66.67,-35.10,59.13,-49.42,-97.78,-73.31,-38.96,-53.04,28.20
25th Aug,BASML,29.40,-66.67,-119.61,-59.83,-64.35,-104.45,-108.46,-109.62,-92.18,31.01
25th Aug,ORIENTPPR,29.38,66.67,133.33,234.47,98.67,51.02,59.67,67.47,54.11,27.50
25th Aug,ESAFSFB,29.34,-66.67,-83.80,-146.19,-102.22,-137.38,-96.28,-34.02,-49.26,31.29
25th Aug,BOHRAIND,29.18,66.67,-32.66,-84.41,-53.65,-23.66,-39.13,-52.45,10.57,33.55
25th Aug,SHIVAMAUTO,29.12,-66.67,-80.27,3.13,-41.66,-93.39,-59.06,-30.07,-53.98,28.60
25th Aug,GSEC10YEAR,29.01,-66.67,-81.39,-110.11,-183.82,-168.50,-100.46,8.56,32.62,29.54
25th Aug,BEARDSELL,29,-66.67,-69.25,-92.24,-142.57,-105.51,-54.75,-28.16,-51.20,32.29
25th Aug,BSLNIFTY,28.93,-66.67,-82.67,36.86,26.57,2.38,41.72,58.50,69.56,29.71
25th Aug,PSB,28.87,-66.67,-70.71,38.86,-43.77,-82.95,-74.85,-64.71,-65.05,29.54
25th Aug,UCOBANK,28.83,-66.67,-76.98,45.14,-48.66,-87.74,-119.27,-98.24,-83.78,29.41
25th Aug,SAGARDEEP,28.78,-66.67,-81.67,29.78,-7.06,-63.86,-69.01,-68.54,-78.12,29.44
25th Aug,GSS,28.63,-66.67,-78.32,-9.84,-70.23,-112.14,-132.16,-143.46,-103.11,27.73
25th Aug,KMSUGAR,28.60,-66.67,-128.21,-99.31,59.90,2.99,2.47,10.72,-15.33,27.41
25th Aug,LTGILTBEES,28.58,-66.67,-104.76,-100.40,-123.98,-182.05,-107.00,3.20,29.91,29.15
25th Aug,NIF100IETF,28.40,66.67,133.33,77.55,53.44,25.44,58.14,66.28,77.02,27.61
25th Aug,TRIDENT,28.23,-66.67,-99.68,17.75,-61.32,-112.25,-70.05,-15.56,-22.01,29.45
25th Aug,AXISVALUE,28.23,66.67,35.13,45.56,-8.86,-24.31,14.60,NaN,NaN,30.20
25th Aug,NGIL,28.22,66.67,133.33,302.89,49.31,6.19,-30.16,-53.27,-63.67,29.36
25th Aug,PNC,28.17,-66.67,-64.70,-64.06,-16.22,-9.54,22.10,33.73,-24.41,27.86
25th Aug,LICNETFGSC,28.10,66.67,-62.15,-41.67,-126.05,-145.90,-99.96,7.48,32.06,28.69
25th Aug,KAMDHENU,27.74,-66.67,-108.26,-237.32,-315.80,-165.12,-96.73,-95.20,-83.48,29.95
25th Aug,ALPL30IETF,27.35,-66.67,-113.33,30.42,16.80,-32.37,3.31,43.86,53.12,26.91
25th Aug,ATL,27.31,-66.67,-71.19,-91.50,-128.34,-123.13,-43.09,-9.94,-29.75,30.09
25th Aug,BFSI,27.24,66.67,-50.88,-20.36,-66.65,-55.22,-5.54,42.10,54.33,28.19
25th Aug,HDFCPVTBAN,27.19,-66.67,-130.50,1.47,-55.91,-97.41,-102.88,4.72,27.67,28.33
25th Aug,PVTBANIETF,26.95,-66.67,-85.43,-34.11,-69.06,-114.67,-117.61,-4.67,21.07,27.80
25th Aug,PVTBANKADD,26.94,-66.67,-86.36,-44.24,-81.25,-119.19,-130.45,-8.19,18.36,27.57
25th Aug,AKASH,26.94,-66.67,-122.51,25.44,-62.84,-115.74,-99.95,-55.32,-68.30,27.95
25th Aug,DHANBANK,26.91,-66.67,-95.74,-20.19,-48.34,-91.44,-111.46,-53.87,-24.23,28.18
25th Aug,MUKKA,26.90,66.67,-64.68,-40.97,-89.00,-133.87,-165.04,-158.20,-143.55,28.20
25th Aug,NAGREEKEXP,26.82,-66.67,31.84,115.65,71.91,-26.88,-30.02,-17.66,-47.64,27.80
25th Aug,PRIMO,26.76,-66.67,-106.21,-71.99,-49.55,4.51,NaN,NaN,NaN,29.23
25th Aug,HCC,26.73,-66.67,-133.33,21.67,-15.23,-72.44,-58.85,-28.81,-36.32,25.49
25th Aug,RKDL,26.68,-66.67,-104.17,-107.20,-107.00,-142.73,-83.94,-22.64,-9.45,29.86
25th Aug,MIRCELECTR,26.65,-66.67,-20.02,49.21,112.57,203.14,274.84,329.63,248.30,24.13
25th Aug,AMBICAAGAR,26.63,-66.67,-80.93,-100.06,-91.40,-128.13,-114.09,-88.61,-92.77,29.28
25th Aug,NIBL,26.60,66.67,99.64,1.73,32.44,-29.27,8.78,27.45,40.54,24.89
25th Aug,NAGREEKCAP,26.57,66.67,73.98,-35.72,-15.47,-41.51,-41.65,-38.60,-54.69,28.51
25th Aug,MOTOGENFIN,26.55,-66.67,46.35,110.23,-7.23,-19.02,-29.62,-4.13,-29.52,28.48
25th Aug,HDFCNIF100,26.37,-66.67,-123.81,45.08,18.66,-10.53,32.83,55.12,67.30,26.56
25th Aug,LANCORHOL,26.35,66.67,84.36,168.55,283.88,337.59,376.24,248.19,79.91,22.79
25th Aug,DIGISPICE,26.24,-66.67,-115.91,29.47,121.58,189.59,201.15,210.57,148.49,24.90
25th Aug,AUTOIETF,26.12,-66.67,-103.61,55.39,160.80,264.37,219.19,141.42,158.67,25.13
25th Aug,NIF10GETF,25.85,-66.67,-87.01,-147.15,-188.09,-201.08,-112.64,5.55,31.19,25.85
25th Aug,KELLTONTEC,25.81,66.67,-36.84,-17.31,-76.36,-35.92,22.76,44.35,20.42,28.51
25th Aug,AIRAN,25.81,-66.67,-105.96,-135.04,-99.99,-113.62,-100.21,-95.45,-98.18,27.76
25th Aug,DBSTOCKBRO,25.66,-66.67,-80.95,-10.23,-75.57,-119.82,-131.79,-122.44,-93.63,28.60
25th Aug,RAJRILTD,25.57,66.67,-59.09,-106.64,-177.92,-148.29,-46.42,0.954,19.05,26.90
25th Aug,ASHIMASYN,25.41,-66.67,-128.54,-6.26,-25.31,-74.85,-92.81,-18.24,-23.52,23.28
25th Aug,ALPHAETF,25.35,66.67,19.05,69.28,55.49,22.82,58.77,69.99,82.41,25.49
25th Aug,HTMEDIA,25.31,-66.67,25.53,88.10,117.65,121.83,144.31,157.37,175.69,23.26
25th Aug,LAXMICOT,25.16,-66.67,-98.22,-33.73,-88.56,-137.84,-69.48,-36.77,-36.72,27.74
25th Aug,MAGNUM,25.10,66.67,133.33,208.15,49.26,-35.90,-61.64,-73.58,-73.29,21.98
25th Aug,SINDHUTRAD,24.71,66.67,125.03,101.26,-64.28,-59.02,-4.68,27.04,42.40,26.49
25th Aug,MAHKTECH,24.68,-66.67,-76.44,26.55,95.21,127.42,167.94,102.97,101.75,23.29
25th Aug,KHANDSE,24.17,-66.67,-104.17,-106.11,-72.42,1.96,31.25,46.66,0.756,22.57
25th Aug,SECURKLOUD,24.14,66.67,100,51.34,36.61,11.03,-30.45,15.18,-15.02,26.09
25th Aug,ACEINTEG,23.90,66.67,70.81,37.19,-61.13,-102.09,-88.15,-35.52,-40.60,26.93
25th Aug,ESSARSHPNG,23.85,66.67,-15.27,-86.88,-118.40,-160.27,-167.54,-94.75,-103.09,26.61
25th Aug,TARAPUR,23.79,-66.67,-102.74,-148.53,-141.37,-128.71,-141.73,-140.24,-124.13,26.52
25th Aug,3IINFOLTD,23.69,66.67,85.86,170.39,20.51,-38.15,-35.32,-3.76,-33.82,22.41
25th Aug,ECAPINSURE,23.53,-66.67,-133.33,35.66,41.11,28.92,61.72,70.33,83.63,22.47
25th Aug,MONIFTY500,23.45,66.67,-39.93,57.88,30.17,17.42,57.27,65.60,78.38,23.83
25th Aug,HINDMOTORS,22.98,-66.67,-133.33,-82.88,-77.32,-90.04,-101.69,-79.29,-89.80,24.44
25th Aug,RUSHIL,22.96,-66.67,-133.33,32.42,-72.34,-113.88,-89.58,-69.16,-83.72,23.98
25th Aug,PHARMABEES,22.95,66.67,97.90,89.23,11.82,58.11,84.52,95.62,102.86,21.79
25th Aug,MID150,22.70,-66.67,0.657,61.97,106.27,119.98,111.42,NaN,NaN,21.34
25th Aug,LOWVOLIETF,22.47,66.67,51.28,79.49,166.62,169.42,163.93,114.84,129.75,21.66
25th Aug,RPPL,22.32,-66.67,-89.79,-86.16,-146.43,-197.54,-229.07,-122.75,-114.43,24.79
25th Aug,FLEXITUFF,22.17,66.67,97.04,67.30,-72.14,-139.27,-189.50,-206.10,-135.56,19.42
25th Aug,PRAENG,22.12,-66.67,-76.07,62.12,94.05,45.74,62.40,62.91,19.22,19.68
25th Aug,MIDCAPIETF,22.10,66.67,101.79,101.38,16.65,6.27,52.00,63.51,77.04,22.69
25th Aug,SAKHTISUG,21.94,-66.67,-92.86,-29.74,-94.93,-140.89,-130.79,-76.95,-80.28,23.21
25th Aug,NARMADA,21.90,-66.67,-77.12,-121.71,20.56,75.06,111.34,146.83,127.48,21.19
25th Aug,MIDCAPETF,21.84,-66.67,-75.76,19.28,-43.60,-62.48,16.98,46.05,59.71,21.15
25th Aug,NECCLTD,21.72,66.67,-52.36,-96.25,-103.92,-121.97,-132.42,-107.75,-93.81,23.29
25th Aug,BALKRISHNA,21.70,-66.67,65.99,150.49,90.01,75.69,84.09,94.49,75.19,19.46
25th Aug,HDFCMID150,21.68,-66.67,-70.25,48.11,-3.11,-17.89,39.59,57.56,71.16,22.46
25th Aug,SHEKHAWATI,21.65,66.67,73.95,35.32,-81.50,-130.63,-115.58,-121.55,-110.36,23.69
25th Aug,CENTEXT,21.60,-66.67,-130.36,-127.89,-143.54,-34.48,18.95,39.04,34.50,23.58
25th Aug,NIFTYQLITY,21.48,-66.67,62.22,93.13,70.70,45.79,68.91,71.75,80.65,21.77
25th Aug,LATTEYS,21.35,66.67,9.37,85.63,-2.84,-38.93,-27.36,10.48,-16.95,21.83
25th Aug,QUAL30IETF,21.24,66.67,-27.59,70.71,50.38,11.70,44.27,60.64,70.85,20.79
25th Aug,UTKARSHBNK,21.20,-66.67,-50.48,63.79,-37.87,-94.82,-130.71,-138.18,-106.32,21.61
25th Aug,LOWVOL1,21.16,-66.67,-128.71,23.44,88.74,98.72,109.47,91.31,104.30,20.19
25th Aug,BAJAJHIND,21.09,-66.67,-90.26,-91.06,-103.42,-136.35,-81.91,-39.04,-51.42,22.38
25th Aug,ALMONDZ,20.99,-66.67,49.52,110.86,-5.69,-20.03,-31.41,-26.13,-45.46,21.80
25th Aug,HDFCLOWVOL,20.82,-66.67,-101.67,46.94,119.98,114.38,128.08,101.88,115.55,20.27
25th Aug,BRNL,20.75,-66.67,-132.85,52.58,10.66,-38.52,-64.67,-68.59,-71.07,18.71
25th Aug,UNIINFO,20.75,66.67,22.09,85.92,37.76,77.14,82.83,87.32,-3.69,21.37
25th Aug,AVONMORE,20.66,66.67,52.57,112.60,190.31,181.10,50.69,63.86,23.26,18.44
25th Aug,QUALITY30,20.56,66.67,82.09,139.77,NaN,NaN,NaN,NaN,NaN,20.93
25th Aug,ENERGYDEV,20.48,-66.67,-71.56,52.01,-26.29,-50.80,-9.03,22.02,-0.672,21.80
25th Aug,PVP,20.16,-66.67,-23.69,79.68,29.83,-49.42,-78.77,-96.09,-101.25,18.30
25th Aug,MOTISONS,19.96,-66.67,-92.27,48.60,-36.43,-27.15,18.31,36.19,8.55,18.68
25th Aug,CCCL,19.86,66.67,129.99,276.34,182.02,62.23,57.33,77.10,85.67,15.66
25th Aug,COMPUSOFT,19.79,-66.67,-126.27,-125.99,-91.32,-131.08,-82.01,-29.25,-43.83,21.81
25th Aug,YESBANK,19.55,66.67,132.09,133.05,49.07,-14.63,-5.54,31.91,42.93,19.11
25th Aug,ARCHIES,19.30,-66.67,-76.54,-18.56,-80.68,-90.25,-59.73,-16.04,-31.52,20.48
25th Aug,GENUSPAPER,19.25,66.67,133.33,165.25,45.98,-16.76,-13.99,1.40,-4.34,17.68
25th Aug,SBC,19.14,66.67,50.35,76.12,126.82,136.49,170.99,195.70,207.15,17.83
25th Aug,ATALREAL,19.10,66.67,46.86,-27.92,-39.82,6.25,46.71,66.73,84.42,20.47
25th Aug,SURANAT&P,19.03,66.67,50.35,94.33,75.20,-9.49,-4.33,-10.56,-33.48,19.79
25th Aug,CCHHL,18.94,66.67,125.50,199.53,68.93,85.00,99.14,118.15,101.41,19.60
25th Aug,EQUIPPP,18.90,66.67,37.42,-63.24,-56.32,-44.30,-73.16,-86.57,-94.37,20.36
25th Aug,JPPOWER,18.70,-66.67,-96.89,-50.38,-75.45,-24.49,23.56,46.05,61.67,20.31
25th Aug,SIL,18.60,-66.67,-112.82,31.78,-61.28,-110.89,-112.50,-123.48,-83.33,19.81
25th Aug,A2ZINFRA,18.60,66.67,76.92,-53.06,-105.85,-90.65,14.63,33.56,21.86,20.41
25th Aug,PRITIKAUTO,18.48,-66.67,-86.61,51.82,45.66,38.41,65.98,72.71,13.03,19.35
25th Aug,SEYAIND,18.30,-66.67,-121.77,-169.99,-74.08,10.89,-25.38,-47.63,-63.20,20.73
25th Aug,IEL,18.28,-66.67,58.39,119.20,108.68,-22.83,7.12,23.75,9.66,17.03
25th Aug,ALOKINDS,18.05,-66.67,-90.37,-10.14,-73.25,-115.97,-56.58,-8.13,-6.08,18.97
25th Aug,INDOWIND,17.89,66.67,80.00,65.67,-25.24,-78.27,-94.48,-34.93,-47.43,18.47
25th Aug,SALSTEEL,17.86,66.67,96.10,173.93,210.26,99.03,28.13,10.98,-21.81,15.94
25th Aug,MIDSELIETF,17.63,-66.67,46.07,101.39,25.05,1.48,47.92,62.20,74.61,16.90
25th Aug,OSWALSEEDS,17.52,-66.67,48.15,92.43,204.36,321.45,376.32,349.62,204.93,16.87
25th Aug,DRCSYSTEMS,17.50,0,-3.42,-25.67,-65.57,-113.61,-91.64,-86.52,-89.62,18.56
25th Aug,CINEVISTA,17.20,-66.67,-107.18,-101.13,-119.49,-53.02,3.88,28.09,34.57,19.33
25th Aug,TFL,17.16,-66.67,-34.48,-10.40,-64.94,-33.69,13.54,40.19,13.96,18.51
25th Aug,MOSMALL250,17.10,66.67,20.29,75.64,-28.51,-41.85,24.60,49.69,61.50,17.27
25th Aug,SYNCOMF,17.09,-66.67,-133.33,-93.66,-137.92,-121.04,-75.01,-43.92,-45.54,18.42
25th Aug,YAARI,16.60,-66.67,59.61,26.52,103.64,15.34,48.44,64.01,76.58,15.05
25th Aug,ASHOKAMET,16.45,-66.67,-133.33,-247.17,-130.63,-161.05,-116.44,-115.65,-85.21,18.48
25th Aug,CALSOFT,16.42,-66.67,-73.68,54.69,49.62,41.30,71.16,93.98,108.59,15.96
25th Aug,SADBHAV,16.42,-66.67,52.00,97.66,207.92,292.96,270.93,269.84,113.75,15.33
25th Aug,BCG,16.36,-66.67,-72.64,47.20,38.98,84.01,108.54,87.39,54.91,15.31
25th Aug,CYBERMEDIA,16.35,66.67,131.62,-21.38,-75.97,-57.22,-3.65,16.17,-25.35,18.09
25th Aug,SILLYMONKS,16.25,66.67,125.05,108.62,-56.81,-32.47,-40.46,-36.32,-55.54,17.36
25th Aug,MULTICAP,16.18,66.67,22.76,74.87,12.02,-3.67,45.49,61.00,74.61,16.31
25th Aug,MGEL,16.14,-66.67,-82.21,-120.43,-136.01,23.16,53.86,66.34,80.43,17.34
25th Aug,ANMOL,16.06,-66.67,-80.98,11.51,7.71,-54.24,-60.53,-41.08,-60.87,15.13
25th Aug,EUROTEXIND,15.98,66.67,133.33,233.44,280.99,75.82,108.85,118.32,127.75,13.07
25th Aug,INFIBEAM,15.93,66.67,-53.06,61.22,35.98,-46.21,-62.58,-71.98,-79.44,15.06
25th Aug,HYBRIDFIN,15.90,66.67,71.09,69.81,32.33,-35.64,19.63,39.64,53.15,14.41
25th Aug,GOLDCASE,15.86,66.67,113.52,36.38,54.24,84.16,101.31,87.27,84.69,15.31
25th Aug,JYOTISTRUC,15.78,-66.67,-89.06,-114.47,-94.22,-127.09,-142.90,-115.85,-107.61,17.02
25th Aug,BLBLIMITED,15.63,-66.67,-103.00,-211.76,8.06,51.28,53.03,43.23,-13.56,15.17
25th Aug,SETCO,15.56,66.67,133.33,44.53,-34.86,-92.50,-123.18,-136.71,-149.03,15.65
25th Aug,TNTELE,15.47,66.67,133.33,-13.02,-87.41,-14.07,18.23,39.33,55.48,14.33
25th Aug,HCL-INSYS,15.45,66.67,75.72,155.66,43.19,-38.74,-17.75,12.66,22.76,14.52
25th Aug,NECLIFE,15.30,-66.67,20.19,66.67,-38.29,-78.89,-109.23,-137.62,-127.36,13.81
25th Aug,PATINTLOG,15.27,-66.67,-131.71,-8.66,-79.79,-69.28,-54.25,-18.18,-40.98,16.70
25th Aug,PARSVNATH,15.15,-66.67,-90.45,-19.48,-64.56,-100.72,-122.62,-146.97,-168.03,17.11
25th Aug,HEALTHY,15.14,66.67,107.94,120.70,77.97,96.47,118.02,122.47,135.91,14.50
25th Aug,OSIAHYPER,15.13,66.67,100.47,148.83,80.56,-20.40,-53.51,-76.17,-94.94,14.19
25th Aug,SIMBHALS,14.81,66.67,-62.82,-16.61,-72.56,-95.36,-40.27,-7.00,-23.10,16.62
25th Aug,ORTINGLOBE,14.75,66.67,78.06,35.10,23.95,80.22,127.44,155.31,69.15,12.34
25th Aug,HATHWAY,14.73,-66.67,-88.22,44.92,-43.97,-76.76,-34.43,6.97,7.78,15.21
25th Aug,INTERNET,14.65,-66.67,-72.38,58.83,133.44,NaN,NaN,NaN,NaN,14.09
25th Aug,UYFINCORP,14.49,66.67,-27.65,-86.42,-140.26,-224.27,-278.80,-309.76,-187.94,16.62
25th Aug,NV20IETF,14.48,-66.67,-27.51,65.32,35.52,-28.54,-13.62,27.16,11.29,14.69
25th Aug,ALANKIT,14.30,-66.67,-77.95,-121.34,-110.14,-95.13,-79.13,-83.77,-75.33,15.56
25th Aug,GREENPOWER,14.27,66.67,-22.22,46.91,26.02,23.27,58.06,80.09,54.09,13.59
25th Aug,RANASUG,14.25,-66.67,-20.29,73.05,-30.45,-80.90,-47.31,-23.32,-38.06,14.94
25th Aug,PILITA,14.15,-66.67,-107.07,-98.24,-137.24,-100.26,-124.24,-48.55,-42.96,15.43
25th Aug,GLOBALE,14.14,-66.67,43.44,100.68,100.58,-31.37,-64.46,-80.98,-80.12,14.61
25th Aug,TCIFINANCE,13.97,66.67,133.33,269.39,-28.88,-42.84,2.18,18.12,10.68,14.99
25th Aug,SHYAMTEL,13.90,-66.67,-76.39,-64.08,-82.31,-61.78,-12.55,4.57,-8.55,15.66
25th Aug,NILASPACES,13.88,-66.67,-90.48,43.65,-16.70,53.27,82.76,107.51,77.52,14.65
25th Aug,HARDWYN,13.85,-66.67,-116.67,-144.15,-87.81,-87.59,-24.48,21.91,-12.32,14.44
25th Aug,PRAXIS,13.84,66.67,82.88,130.10,132.95,110.33,92.18,86.61,31.06,11.89
25th Aug,FMNL,13.71,66.67,133.33,147.13,-22.39,-63.96,-80.31,-97.53,-94.13,14.36
25th Aug,PCJEWELLER,13.71,66.67,49.01,92.03,-60.51,-15.06,5.58,13.15,11.75,14.38
25th Aug,MOKSH,13.71,-66.67,5.13,6.92,-40.76,-82.97,-72.88,-39.81,-43.42,14.57
25th Aug,JETFREIGHT,13.65,66.67,-43.64,-65.71,-45.23,-72.80,-43.97,11.79,5.16,14.70
25th Aug,URJA,13.49,-66.67,-94.25,34.98,-56.06,-105.09,-100.42,-32.88,-34.86,14.17
25th Aug,SGL,13.43,66.67,132.49,25.05,-62.48,-104.60,-84.12,-26.24,-38.04,14.74
25th Aug,ASTRON,13.17,-66.67,-133.33,-181.06,-157.39,-129.12,-113.60,-59.40,-67.15,15.79
25th Aug,SUBEXLTD,13.10,-66.67,-113.28,-19.30,-38.50,-84.35,-45.92,-23.48,-50.27,12.37
25th Aug,EQUAL200,12.97,66.67,-66.67,53.26,8.92,-14.85,30.11,NaN,NaN,12.65
25th Aug,VAL30IETF,12.96,66.67,-54.97,-34.50,-44.45,-49.54,-7.41,35.66,51.25,13.16
25th Aug,CELEBRITY,12.89,66.67,86.06,196.32,-9.40,-14.22,23.08,51.63,36.64,13.53
25th Aug,AXISBPSETF,12.82,66.67,77.78,100.00,84.67,89.33,95.62,99.09,102.15,12.58
25th Aug,AKG,12.62,-66.67,-96.30,-83.02,-77.37,-100.45,-86.22,-89.05,-79.10,13.70
25th Aug,ONELIFECAP,12.56,66.67,98.06,186.19,-7.50,-29.38,19.18,44.55,15.22,13.11
25th Aug,ZEEMEDIA,12.42,-66.67,-133.33,-226.50,-107.99,-153.61,-189.29,-161.13,-141.75,13.22
25th Aug,UNIVAFOODS,12.32,0,0,47.62,102.59,128.40,138.52,148.20,160.48,12.18
25th Aug,LIBAS,12.30,-66.67,-129.41,17.22,-45.68,-100.44,-94.18,-49.73,-64.98,11.05
25th Aug,DPSCLTD,12.21,-66.67,-114.67,-19.61,-67.48,-111.14,-113.83,-67.92,-80.13,12.81
25th Aug,CONSUMER,12.20,-66.67,-120.57,49.67,127.28,161.60,141.26,113.52,125.06,11.77
25th Aug,TGBHOTELS,12.19,66.67,111.26,217.07,39.25,1.17,48.80,66.72,29.87,12.60
25th Aug,RTNPOWER,12.17,-66.67,-84.50,-4.26,-64.85,-73.27,-17.74,11.36,20.56,13.07
25th Aug,ASMS,12.15,-66.67,-127.27,-110.08,-122.35,-161.87,-111.57,-131.88,-118.86,13.55
25th Aug,VAISHALI,12.02,-66.67,-82.63,-73.59,-125.19,-64.50,-72.95,-61.08,-62.46,11.93
25th Aug,HLVLTD,12.01,-66.67,-52.47,26.21,-86.63,-145.31,-137.63,-131.65,-109.91,12.46
25th Aug,SILVERCASE,11.88,66.67,100.00,108.93,121.68,107.95,108.45,NaN,NaN,11.09
25th Aug,SEPC,11.77,-66.67,-94.59,30.39,-35.27,-83.56,-114.50,-128.59,-127.06,11.28
25th Aug,AONETOTAL,11.70,66.67,133.33,111.42,52.62,25.29,61.98,NaN,NaN,11.28
25th Aug,HINDNATGLS,11.45,-66.67,-94.52,-149.51,-164.40,-240.64,-182.22,-158.80,-162.24,13.32
25th Aug,TTL,11.40,-66.67,7.78,-10.85,-95.90,-128.87,-171.97,-144.46,-155.75,12.03
25th Aug,TATSILV,11.34,66.67,132.43,90.61,91.13,99.56,100.58,115.36,133.02,10.61
25th Aug,OILIETF,11.30,-66.67,-133.33,-32.63,-65.73,-104.39,-81.79,1.46,20.11,11.58
25th Aug,GROWWN200,11.30,66.67,58.82,79.71,57.30,27.48,60.92,68.05,NaN,10.80
25th Aug,BAIDFIN,11.20,-66.67,-122.78,-64.40,-94.17,-73.25,-6.45,24.81,6.98,12.14
25th Aug,NILAINFRA,10.93,-66.67,-132.49,-164.34,-89.16,-109.13,-37.10,6.78,2.14,11.81
25th Aug,TAKE,10.93,-66.67,-70.18,57.82,109.45,117.59,139.14,153.58,70.39,11.59
25th Aug,JHS,10.92,66.67,-52.53,-100.40,-122.95,-189.74,-201.96,-195.48,-126.65,12.29
25th Aug,AAKASH,10.89,66.67,-2.20,34.60,128.91,55.85,77.54,98.57,97.39,10.25
25th Aug,GROWWNET,10.88,-66.67,-47.31,70.80,134.56,NaN,NaN,NaN,NaN,10.36
25th Aug,MID150CASE,10.69,66.67,56.86,96.16,21.50,-6.76,44.89,60.26,73.63,10.39
25th Aug,TOP100CASE,10.68,66.67,23.93,77.01,62.13,23.32,58.69,65.78,76.88,10.19
25th Aug,ADROITINFO,10.55,-66.67,-133.33,-114.08,-57.72,-99.52,-78.97,-66.69,-64.25,11.35
25th Aug,TRU,10.54,66.67,52.96,-30.14,-98.12,-122.13,-42.05,-23.95,-29.89,11.19
25th Aug,LAL,10.52,-66.67,21.33,89.76,-60.89,-111.22,-82.29,-85.31,-85.72,11.71
25th Aug,GROWWMOM50,10.49,66.67,130.43,91.18,9.72,-52.58,NaN,NaN,NaN,10.76
25th Aug,KAMOPAINTS,10.42,66.67,130.16,97.79,144.43,24.00,-7.43,-0.497,-38.06,9.66
25th Aug,RAMASTEEL,10.39,-66.67,-89.12,-144.07,-110.50,-130.86,-77.55,-42.07,-51.18,11.09
25th Aug,TOP15IETF,10.34,66.67,133.33,84.11,62.93,NaN,NaN,NaN,NaN,10.46
25th Aug,HEADSUP,10.28,-66.67,-96.88,-7.99,62.34,83.58,27.62,-19.96,-22.54,9.86
25th Aug,GROWWLOVOL,10.24,66.67,-6.56,71.47,103.91,NaN,NaN,NaN,NaN,10.35
25th Aug,AONENIFTY,10.22,-66.67,-66.67,40.22,40.38,-3.47,NaN,NaN,NaN,10.48
25th Aug,VIPULLTD,10.17,66.67,93.59,8.84,6.52,-57.67,-88.64,-97.41,-81.42,11.00
25th Aug,SHANTI,10.11,66.67,-30.30,-48.98,-94.17,-97.30,-124.22,-136.93,-137.48,10.19
25th Aug,RAJVIR,10,-66.67,-116.05,-92.13,65.82,109.96,117.22,116.89,19.06,10.76
25th Aug,GTL,9.98,-66.67,28.21,99.13,63.35,5.93,45.52,67.81,39.64,9.29
25th Aug,GROWWNIFTY,9.98,-66.67,-76.62,36.24,NaN,NaN,NaN,NaN,NaN,10.18
25th Aug,GVPTECH,9.93,66.67,-61.11,-78.19,-64.79,-57.96,-32.39,-1.18,-9.25,10.87
25th Aug,SANGINITA,9.92,-66.67,25.97,4.11,-65.23,-96.56,-93.57,-77.96,-67.32,10.64
25th Aug,GROWWPOWER,9.85,66.67,-22.22,-36.44,NaN,NaN,NaN,NaN,NaN,10.33
25th Aug,TATAGOLD,9.79,66.67,133.33,177.64,244.38,266.08,252.98,167.41,139.52,9.37
25th Aug,ABSLPSE,9.74,-66.67,16.66,-21.21,-60.48,-106.64,-69.06,7.28,28.64,10.24
25th Aug,GFSTEELS,9.73,0,0,47.62,106.96,160.08,165.91,131.53,115.39,9.54
25th Aug,ORIENTALTL,9.71,-66.67,-103.45,-107.09,-61.08,-88.00,-89.32,-59.71,-54.77,10.43
25th Aug,SUPERSPIN,9.70,-66.67,-75.18,40.11,-12.83,-56.13,-66.93,-80.81,-78.00,10.28
25th Aug,AKI,9.55,66.67,96.83,-46.23,-98.50,-17.15,10.40,24.04,8.25,10.66
25th Aug,METAL,9.50,66.67,36.19,69.72,70.35,55.61,73.56,81.20,86.42,9.66
25th Aug,METALIETF,9.46,-66.67,-103.23,13.90,-1.19,1.71,46.17,59.73,69.67,9.58
25th Aug,ZEELEARN,9.38,-66.67,-125.78,-180.23,-38.81,-21.59,40.58,57.50,70.57,10.38
25th Aug,STEELXIND,9.25,-66.67,-119.65,-194.05,-273.53,-29.11,3.87,22.92,16.88,10.35
25th Aug,VARDMNPOLY,9.17,-66.67,-114.98,-31.81,-90.82,-129.04,-164.42,-108.89,-125.06,8.47
25th Aug,LASA,9,-66.67,-83.47,-81.67,-138.22,-114.35,-99.77,-105.54,-112.78,10.07
25th Aug,VAKRANGEE,8.88,-66.67,-100.90,23.12,-50.07,-98.77,-121.60,-102.48,-63.20,9.45
25th Aug,KRITIKA,8.85,-66.67,-24.04,-21.21,-68.61,-114.34,-135.24,-62.71,-62.55,9.34
25th Aug,VISHWARAJ,8.83,-66.67,-115.15,-37.80,-88.87,-122.04,-113.49,-86.07,-76.72,9.39
25th Aug,AXITA,8.81,66.67,26.67,-32.82,-62.46,-114.58,-83.77,-94.32,-100.98,9.07
25th Aug,EASEMYTRIP,8.81,-66.67,-91.77,-105.49,-107.72,-166.46,-162.92,-162.55,-162.18,8.78
25th Aug,RADIOCITY,8.62,66.67,-11.11,53.15,-40.41,-82.41,-106.36,-126.12,-103.97,8.86
25th Aug,GAYAPROJ,8.50,-66.67,0,52.11,58.85,37.39,58.70,75.31,72.06,9.17
25th Aug,MORARJEE,8.45,-66.67,54.75,127.36,148.50,132.48,115.74,36.48,16.74,7.75
25th Aug,IVC,8.35,-66.67,-133.33,-109.13,-132.58,-159.40,-145.80,-173.59,-156.93,8.86
25th Aug,BTML,8.31,66.67,109.18,148.26,101.95,31.88,46.11,6.77,-30.78,8.53
25th Aug,LPDC,8.15,66.67,39.08,64.90,-45.88,-89.37,-95.08,-49.00,-60.36,8.43
25th Aug,EXXARO,7.95,-66.67,-55.35,55.17,-47.75,-92.39,-6.08,15.92,-1.08,8.26
25th Aug,SARVESHWAR,7.92,66.67,-49.17,-106.38,-94.93,-4.22,34.08,57.49,50.02,7.58
25th Aug,ZENITHSTL,7.82,-66.67,-104.76,-81.05,-70.26,-32.87,15.99,40.12,54.07,8.79
25th Aug,TIJARIA,7.75,66.67,58.06,-50.90,-60.07,-9.45,26.37,35.62,3.43,7.60